<metadata xml:lang="en"><Esri><CreaDate>20210623</CreaDate><CreaTime>09445400</CreaTime><ArcGISFormat>1.0</ArcGISFormat><SyncOnce>FALSE</SyncOnce><DataProperties><lineage><Process ToolSource="c:\program files (x86)\arcgis\desktop10.6\ArcToolbox\Toolboxes\Data Management Tools.tbx\CalculateField" Date="20210415" Time="124318">CalculateField SiteAddressPoints Inc_Muni "Glasgow" VB #</Process><Process ToolSource="c:\program files (x86)\arcgis\desktop10.6\ArcToolbox\Toolboxes\Data Management Tools.tbx\CalculateField" Date="20210415" Time="124401">CalculateField SiteAddressPoints Inc_Muni "Lexington city" VB #</Process><Process ToolSource="c:\program files (x86)\arcgis\desktop10.6\ArcToolbox\Toolboxes\Data Management Tools.tbx\CalculateField" Date="20210415" Time="124423">CalculateField SiteAddressPoints Inc_Muni "Glasgow town" VB #</Process><Process ToolSource="c:\program files (x86)\arcgis\desktop10.6\ArcToolbox\Toolboxes\Data Management Tools.tbx\CalculateField" Date="20210415" Time="124526">CalculateField SiteAddressPoints Inc_Muni "City of Buena Vista" VB #</Process><Process ToolSource="c:\program files (x86)\arcgis\desktop10.6\ArcToolbox\Toolboxes\Data Management Tools.tbx\CalculateField" Date="20210415" Time="124542">CalculateField SiteAddressPoints Inc_Muni "City of Lexington" VB #</Process><Process ToolSource="c:\program files (x86)\arcgis\desktop10.6\ArcToolbox\Toolboxes\Data Management Tools.tbx\CalculateField" Date="20210415" Time="124559">CalculateField SiteAddressPoints Inc_Muni "Town of Glasgow" VB #</Process><Process ToolSource="c:\program files (x86)\arcgis\desktop10.6\ArcToolbox\Toolboxes\Data Management Tools.tbx\CalculateField" Date="20210415" Time="124617">CalculateField SiteAddressPoints Inc_Muni "Town of Goshen" VB #</Process><Process ToolSource="c:\program files (x86)\arcgis\desktop10.6\ArcToolbox\Toolboxes\Data Management Tools.tbx\CalculateField" Date="20210415" Time="124742">CalculateField SiteAddressPoints Inc_Muni "Unincorporated" VB #</Process><Process ToolSource="c:\program files (x86)\arcgis\desktop10.6\ArcToolbox\Toolboxes\Data Management Tools.tbx\CalculateField" Date="20210415" Time="124903">CalculateField SiteAddressPoints DateUpdate "4/15/2021" VB #</Process><Process ToolSource="c:\program files (x86)\arcgis\desktop10.6\ArcToolbox\Toolboxes\Data Management Tools.tbx\CalculateField" Date="20210415" Time="124929">CalculateField SiteAddressPoints DiscrpAgID "rockvaso1.rock.va.us" VB #</Process><Process ToolSource="c:\program files (x86)\arcgis\desktop10.6\ArcToolbox\Toolboxes\Data Management Tools.tbx\CalculateField" Date="20210415" Time="124958">CalculateField SiteAddressPoints Site_NGUID ""SSAP_"&amp; [OBJECTID]&amp;"@"&amp; [DiscrpAgID]" VB #</Process><Process ToolSource="c:\program files (x86)\arcgis\desktop10.6\ArcToolbox\Toolboxes\Data Management Tools.tbx\CalculateField" Date="20210415" Time="132010">CalculateField SiteAddressPoints GC_Exception 999 VB #</Process><Process ToolSource="c:\program files (x86)\arcgis\desktop10.6\ArcToolbox\Toolboxes\Data Management Tools.tbx\CalculateField" Date="20210415" Time="132020">CalculateField SiteAddressPoints ATT_Except "OAB" VB #</Process><Process ToolSource="c:\program files (x86)\arcgis\desktop10.6\ArcToolbox\Toolboxes\Data Management Tools.tbx\CalculateField" Date="20210415" Time="135246">CalculateField SiteAddressPoints St_Name !St_Name!.title() PYTHON_9.3 #</Process><Process ToolSource="c:\program files (x86)\arcgis\desktop10.6\ArcToolbox\Toolboxes\Data Management Tools.tbx\CalculateField" Date="20210522" Time="231925">CalculateField SiteAddressPoints tempFaddr "[Add_Number] &amp;" "&amp; [LSt_PreDir]&amp;" "&amp; [LSt_Name]&amp;" "&amp; [LSt_Type]&amp;" "&amp; [LSt_PosDir]" VB #</Process><Process ToolSource="c:\program files (x86)\arcgis\desktop10.6\ArcToolbox\Toolboxes\Data Management Tools.tbx\CalculateField" Date="20210522" Time="232143">CalculateField SiteAddressPoints tempFaddr "[Add_Number] &amp;" "&amp; [LSt_PreDir]&amp;" "&amp; [LSt_Name]" VB #</Process><Process ToolSource="c:\program files (x86)\arcgis\desktop10.6\ArcToolbox\Toolboxes\Data Management Tools.tbx\CalculateField" Date="20210522" Time="232420">CalculateField SiteAddressPoints tempFaddr "[Add_Number] &amp;" "&amp; [LSt_PreDir]&amp;" "&amp; [LSt_Name]&amp;" "&amp; [LSt_Type]" VB #</Process><Process ToolSource="c:\program files (x86)\arcgis\desktop10.6\ArcToolbox\Toolboxes\Data Management Tools.tbx\CalculateField" Date="20210522" Time="232535">CalculateField SiteAddressPoints z 1 VB #</Process><Process ToolSource="c:\program files (x86)\arcgis\desktop10.6\ArcToolbox\Toolboxes\Data Management Tools.tbx\CalculateField" Date="20210522" Time="233048">CalculateField SiteAddressPoints z 0 VB #</Process><Process ToolSource="c:\program files (x86)\arcgis\desktop10.6\ArcToolbox\Toolboxes\Data Management Tools.tbx\CalculateField" Date="20210522" Time="233217">CalculateField SiteAddressPoints z 1 VB #</Process><Process ToolSource="c:\program files (x86)\arcgis\desktop10.6\ArcToolbox\Toolboxes\Data Management Tools.tbx\CalculateField" Date="20210522" Time="235739">CalculateField SiteAddressPoints z 0 VB #</Process><Process ToolSource="c:\program files (x86)\arcgis\desktop10.6\ArcToolbox\Toolboxes\Data Management Tools.tbx\CalculateField" Date="20210523" Time="193927">CalculateField SiteAddressPoints ADDLOC [ADDRESSSTR] VB #</Process><Process ToolSource="c:\program files (x86)\arcgis\desktop10.6\ArcToolbox\Toolboxes\Data Management Tools.tbx\CalculateField" Date="20210523" Time="194303">CalculateField SiteAddressPoints STREET "[LSt_PreDir] &amp;" "&amp; [LSt_Name] &amp;" "&amp; [LSt_Type]" VB #</Process><Process ToolSource="c:\program files (x86)\arcgis\desktop10.6\ArcToolbox\Toolboxes\Data Management Tools.tbx\CalculateField" Date="20210523" Time="194522">CalculateField SiteAddressPoints STREET "[LSt_Name] &amp;" "&amp; [LSt_Type]" VB #</Process><Process ToolSource="c:\program files (x86)\arcgis\desktop10.6\ArcToolbox\Toolboxes\Data Management Tools.tbx\CalculateField" Date="20210523" Time="210117">CalculateField SiteAddressPoints ADDLAB [Add_Number] VB #</Process><Process ToolSource="c:\program files (x86)\arcgis\desktop10.6\ArcToolbox\Toolboxes\Data Management Tools.tbx\CalculateField" Date="20210523" Time="210930">CalculateField SiteAddressPoints ADDLAB "[Add_Number]&amp;" "&amp; [AddNum_Suf]" VB #</Process><Process ToolSource="c:\program files (x86)\arcgis\desktop10.6\ArcToolbox\Toolboxes\Data Management Tools.tbx\CalculateField" Date="20210523" Time="210956">CalculateField SiteAddressPoints ADDLAB "[Add_Number]&amp;" "&amp; [AddNum_Suf]" VB #</Process><Process ToolSource="c:\program files (x86)\arcgis\desktop10.6\ArcToolbox\Toolboxes\Data Management Tools.tbx\CalculateField" Date="20210523" Time="211048">CalculateField SiteAddressPoints ADDLAB "[Add_Number]&amp;" "&amp; [AddNum_Suf]&amp;" "&amp; [Unit]" VB #</Process><Process ToolSource="c:\program files (x86)\arcgis\desktop10.6\ArcToolbox\Toolboxes\Data Management Tools.tbx\CalculateField" Date="20210523" Time="211057">CalculateField SiteAddressPoints ADDLAB "[Add_Number]&amp;" "&amp; [AddNum_Suf]&amp;" "&amp; [Unit]" VB #</Process><Process ToolSource="c:\program files (x86)\arcgis\desktop10.6\ArcToolbox\Toolboxes\Data Management Tools.tbx\CalculateField" Date="20210523" Time="211357">CalculateField SiteAddressPoints ADDLAB [Add_Number] VB #</Process><Process ToolSource="c:\program files (x86)\arcgis\desktop10.6\ArcToolbox\Toolboxes\Data Management Tools.tbx\CalculateField" Date="20210523" Time="211908">CalculateField SiteAddressPoints ADDLAB "[Add_Number] &amp;" "&amp; [Unit]" VB #</Process><Process ToolSource="c:\program files (x86)\arcgis\desktop10.6\ArcToolbox\Toolboxes\Data Management Tools.tbx\CalculateField" Date="20210523" Time="212619">CalculateField SiteAddressPoints Z "[ADDLOC] &amp;" "&amp; [STREET]" VB #</Process><Process ToolSource="c:\program files (x86)\arcgis\desktop10.6\ArcToolbox\Toolboxes\Data Management Tools.tbx\CalculateField" Date="20210523" Time="212702">CalculateField SiteAddressPoints Z "[ADDLAB] &amp;" "&amp; [STREET]" VB #</Process><Process ToolSource="c:\program files (x86)\arcgis\desktop10.6\ArcToolbox\Toolboxes\Data Management Tools.tbx\CalculateField" Date="20210610" Time="234641">CalculateField SiteAddressPoints RoadClass "Private" VB #</Process><Process ToolSource="c:\program files (x86)\arcgis\desktop10.6\ArcToolbox\Toolboxes\Data Management Tools.tbx\CalculateField" Date="20210610" Time="234955">CalculateField SiteAddressPoints RoadClass "Secondary" VB #</Process><Process ToolSource="c:\program files (x86)\arcgis\desktop10.6\ArcToolbox\Toolboxes\Data Management Tools.tbx\CalculateField" Date="20210610" Time="235129">CalculateField SiteAddressPoints RoadClass "Secondary" VB #</Process><Process ToolSource="c:\program files (x86)\arcgis\desktop10.6\ArcToolbox\Toolboxes\Data Management Tools.tbx\CalculateField" Date="20210610" Time="235801">CalculateField SiteAddressPoints RoadClass "Secondary" VB #</Process><Process ToolSource="c:\program files (x86)\arcgis\desktop10.6\ArcToolbox\Toolboxes\Data Management Tools.tbx\CalculateField" Date="20210610" Time="235909">CalculateField SiteAddressPoints RoadClass "Secondary" VB #</Process><Process ToolSource="c:\program files (x86)\arcgis\desktop10.6\ArcToolbox\Toolboxes\Data Management Tools.tbx\CalculateField" Date="20210611" Time="003024">CalculateField SiteAddressPoints RoadClass "Private" VB #</Process><Process ToolSource="c:\program files (x86)\arcgis\desktop10.6\ArcToolbox\Toolboxes\Data Management Tools.tbx\CalculateField" Date="20210611" Time="003118">CalculateField SiteAddressPoints RoadClass "Secondary" VB #</Process><Process ToolSource="c:\program files (x86)\arcgis\desktop10.6\ArcToolbox\Toolboxes\Data Management Tools.tbx\CalculateField" Date="20210611" Time="003136">CalculateField SiteAddressPoints STREET "POSSUM HOLLOW" VB #</Process><Process ToolSource="c:\program files (x86)\arcgis\desktop10.6\ArcToolbox\Toolboxes\Data Management Tools.tbx\CalculateField" Date="20210611" Time="003445">CalculateField SiteAddressPoints RoadClass "City" VB #</Process><Process ToolSource="c:\program files (x86)\arcgis\desktop10.6\ArcToolbox\Toolboxes\Data Management Tools.tbx\CalculateField" Date="20210611" Time="003539">CalculateField SiteAddressPoints RoadClass "City" VB #</Process><Process ToolSource="c:\program files (x86)\arcgis\desktop10.6\ArcToolbox\Toolboxes\Data Management Tools.tbx\CalculateField" Date="20210611" Time="003611">CalculateField SiteAddressPoints STREET "MAGNOLIA SQUARE" VB #</Process><Process ToolSource="c:\program files (x86)\arcgis\desktop10.6\ArcToolbox\Toolboxes\Data Management Tools.tbx\CalculateField" Date="20210611" Time="003629">CalculateField SiteAddressPoints RoadClass "Private" VB #</Process><Process ToolSource="c:\program files (x86)\arcgis\desktop10.6\ArcToolbox\Toolboxes\Data Management Tools.tbx\CalculateField" Date="20210611" Time="004356">CalculateField SiteAddressPoints RoadClass "Private" VB #</Process><Process ToolSource="c:\program files (x86)\arcgis\desktop10.6\ArcToolbox\Toolboxes\Data Management Tools.tbx\CalculateField" Date="20210611" Time="004407">CalculateField SiteAddressPoints RoadClass "Secondary" VB #</Process><Process ToolSource="c:\program files (x86)\arcgis\desktop10.6\ArcToolbox\Toolboxes\Data Management Tools.tbx\CalculateField" Date="20210611" Time="004930">CalculateField SiteAddressPoints RoadClass "Secondary" VB #</Process><Process ToolSource="c:\program files (x86)\arcgis\desktop10.6\ArcToolbox\Toolboxes\Data Management Tools.tbx\CalculateField" Date="20210611" Time="005109">CalculateField SiteAddressPoints RoadClass "Private" VB #</Process><Process ToolSource="c:\program files (x86)\arcgis\desktop10.6\ArcToolbox\Toolboxes\Data Management Tools.tbx\CalculateField" Date="20210611" Time="005431">CalculateField SiteAddressPoints RoadClass "City" VB #</Process><Process ToolSource="c:\program files (x86)\arcgis\desktop10.6\ArcToolbox\Toolboxes\Data Management Tools.tbx\CalculateField" Date="20210611" Time="005624">CalculateField SiteAddressPoints RoadClass "Private" VB #</Process><Process ToolSource="c:\program files (x86)\arcgis\desktop10.6\ArcToolbox\Toolboxes\Data Management Tools.tbx\CalculateField" Date="20210614" Time="133351">CalculateField SiteAddressPoints Site_NGUID ""SSAP_"&amp; [OBJECTID]&amp;"@"&amp; [DiscrpAgID]" VB #</Process><Process ToolSource="c:\program files (x86)\arcgis\desktop10.6\ArcToolbox\Toolboxes\Data Management Tools.tbx\CalculateField" Date="20210614" Time="141003">CalculateField SiteAddressPoints Site_NGUID ""SSAP_"&amp; [OBJECTID] &amp;"@rkbrvacc1.rockbridge.va.us"" VB #</Process><Process ToolSource="c:\program files (x86)\arcgis\desktop10.6\ArcToolbox\Toolboxes\Data Management Tools.tbx\CalculateField" Date="20210614" Time="141013">CalculateField SiteAddressPoints DiscrpAgID "rkbrvacc1.rockbridge.va.us" VB #</Process><Process ToolSource="c:\program files (x86)\arcgis\desktop10.6\ArcToolbox\Toolboxes\Data Management Tools.tbx\CalculateField" Date="20210616" Time="234550">CalculateField SiteAddressPoints GC_Exception 999 VB #</Process><Process ToolSource="c:\program files (x86)\arcgis\desktop10.6\ArcToolbox\Toolboxes\Data Management Tools.tbx\CalculateField" Date="20210621" Time="132840">CalculateField SiteAddressPoints Site_NGUID ""SSAP_"&amp; [OBJECTID]&amp;"@"&amp; [DiscrpAgID]" VB #</Process><Process ToolSource="c:\program files (x86)\arcgis\desktop10.6\ArcToolbox\Toolboxes\Data Management Tools.tbx\CalculateField" Date="20210623" Time="014141">CalculateField SiteAddressPoints Site_NGUID ""SSAP_"&amp; [OBJECTID]&amp;"@"&amp; [DiscrpAgID]" VB #</Process><Process ToolSource="c:\program files\arcgis\pro\Resources\ArcToolbox\toolboxes\Conversion Tools.tbx\ExportFeatures" Date="20230308" Time="151414">ExportFeatures SiteAddressPoints "C:\Users\troberts\Documents\GEO\GEO6 Dev\Housing2023.gdb\siteaddrpts" # NOT_USE_ALIAS "DiscrpAgID "DiscrpAgID" true true false 75 Text 0 0,First,#,SiteAddressPoints,DiscrpAgID,0,75;DateUpdate "DateUpdate" true true false 8 Date 0 0,First,#,SiteAddressPoints,DateUpdate,-1,-1;Effective "Effective" true true false 8 Date 0 0,First,#,SiteAddressPoints,Effective,-1,-1;Expire "Expire" true true false 8 Date 0 0,First,#,SiteAddressPoints,Expire,-1,-1;Site_NGUID "Site_NGUID" true true false 40 Text 0 0,First,#,SiteAddressPoints,Site_NGUID,0,40;Country "Country" true true false 2 Text 0 0,First,#,SiteAddressPoints,Country,0,2;State "State" true true false 2 Text 0 0,First,#,SiteAddressPoints,State,0,2;County "County" true true false 20 Text 0 0,First,#,SiteAddressPoints,County,0,20;AddCode "AddCode" true true false 6 Text 0 0,First,#,SiteAddressPoints,AddCode,0,6;AddDataURI "AddDataURI" true true false 40 Text 0 0,First,#,SiteAddressPoints,AddDataURI,0,40;Inc_Muni "Inc_Muni" true true false 25 Text 0 0,First,#,SiteAddressPoints,Inc_Muni,0,25;Uninc_Comm "Uninc_Comm" true true false 25 Text 0 0,First,#,SiteAddressPoints,Uninc_Comm,0,25;Nbrhd_Comm "Nbrhd_Comm" true true false 30 Text 0 0,First,#,SiteAddressPoints,Nbrhd_Comm,0,30;AddNum_Pre "AddNum_Pre" true true false 15 Text 0 0,First,#,SiteAddressPoints,AddNum_Pre,0,15;Add_Number "Add_Number" true true false 4 Long 0 0,First,#,SiteAddressPoints,Add_Number,-1,-1;AddNum_Suf "AddNum_Suf" true true false 15 Text 0 0,First,#,SiteAddressPoints,AddNum_Suf,0,15;St_PreMod "St_PreMod" true true false 15 Text 0 0,First,#,SiteAddressPoints,St_PreMod,0,15;St_PreDir "St_PreDir" true true false 9 Text 0 0,First,#,SiteAddressPoints,St_PreDir,0,9;St_PreTyp "St_PreTyp" true true false 50 Text 0 0,First,#,SiteAddressPoints,St_PreTyp,0,50;St_PreSep "St_PreSep" true true false 20 Text 0 0,First,#,SiteAddressPoints,St_PreSep,0,20;St_Name "St_Name" true true false 60 Text 0 0,First,#,SiteAddressPoints,St_Name,0,60;St_PosTyp "St_PosTyp" true true false 50 Text 0 0,First,#,SiteAddressPoints,St_PosTyp,0,50;St_PosDir "St_PosDir" true true false 9 Text 0 0,First,#,SiteAddressPoints,St_PosDir,0,9;St_PosMod "St_PosMod" true true false 25 Text 0 0,First,#,SiteAddressPoints,St_PosMod,0,25;LSt_PreDir "LSt_PreDir" true true false 2 Text 0 0,First,#,SiteAddressPoints,LSt_PreDir,0,2;LSt_Name "LSt_Name" true true false 75 Text 0 0,First,#,SiteAddressPoints,LSt_Name,0,75;LSt_Type "LSt_Type" true true false 4 Text 0 0,First,#,SiteAddressPoints,LSt_Type,0,4;LSt_PosDir "LSt_PosDir" true true false 2 Text 0 0,First,#,SiteAddressPoints,LSt_PosDir,0,2;ESN "ESN" true true false 5 Text 0 0,First,#,SiteAddressPoints,ESN,0,5;MSAGComm "MSAGComm" true true false 30 Text 0 0,First,#,SiteAddressPoints,MSAGComm,0,30;Post_Comm "Post_Comm" true true false 40 Text 0 0,First,#,SiteAddressPoints,Post_Comm,0,40;Post_Code "Post_Code" true true false 7 Text 0 0,First,#,SiteAddressPoints,Post_Code,0,7;Post_Code4 "Post_Code4" true true false 4 Text 0 0,First,#,SiteAddressPoints,Post_Code4,0,4;Building "Building" true true false 75 Text 0 0,First,#,SiteAddressPoints,Building,0,75;Floor "Floor" true true false 75 Text 0 0,First,#,SiteAddressPoints,Floor,0,75;Unit "Unit" true true false 75 Text 0 0,First,#,SiteAddressPoints,Unit,0,75;Room "Room" true true false 75 Text 0 0,First,#,SiteAddressPoints,Room,0,75;Seat "Seat" true true false 75 Text 0 0,First,#,SiteAddressPoints,Seat,0,75;Addtl_Loc "Addtl_Loc" true true false 100 Text 0 0,First,#,SiteAddressPoints,Addtl_Loc,0,100;LandmkName "LandmkName" true true false 60 Text 0 0,First,#,SiteAddressPoints,LandmkName,0,60;Mile_Post "Mile_Post" true true false 30 Text 0 0,First,#,SiteAddressPoints,Mile_Post,0,30;Place_Type "Place_Type" true true false 50 Text 0 0,First,#,SiteAddressPoints,Place_Type,0,50;Placement "Placement" true true false 25 Text 0 0,First,#,SiteAddressPoints,Placement,0,25;Long_ "Long_" true true false 8 Double 0 0,First,#,SiteAddressPoints,Long_,-1,-1;Lat "Lat" true true false 8 Double 0 0,First,#,SiteAddressPoints,Lat,-1,-1;Elev "Elev" true true false 2 Short 0 0,First,#,SiteAddressPoints,Elev,-1,-1;NG_Exception "NG_Exception" true true false 12 Text 0 0,First,#,SiteAddressPoints,NG_Exception,0,12;ATT_Except "ATT_Except" true true false 12 Text 0 0,First,#,SiteAddressPoints,ATT_Except,0,12;ADDRESSSTR "ADDRESSSTR" true true false 60 Text 0 0,First,#,SiteAddressPoints,ADDRESSSTR,0,60;STREET "STREET" true true false 50 Text 0 0,First,#,SiteAddressPoints,STREET,0,50;ADDLOC "ADDLOC" true true false 60 Text 0 0,First,#,SiteAddressPoints,ADDLOC,0,60;DUP "DUP" true true false 10 Text 0 0,First,#,SiteAddressPoints,DUP,0,10;ADDLAB "ADDLAB" true true false 12 Text 0 0,First,#,SiteAddressPoints,ADDLAB,0,12;FD_LINES "FD_LINES" true true false 25 Text 0 0,First,#,SiteAddressPoints,FD_LINES,0,25;RS_LINES "RS_LINES" true true false 25 Text 0 0,First,#,SiteAddressPoints,RS_LINES,0,25;DATENEW "DATENEW" true true false 8 Text 0 0,First,#,SiteAddressPoints,DATENEW,0,8;SR_NUM "SR_NUM" true true false 6 Text 0 0,First,#,SiteAddressPoints,SR_NUM,0,6;NAME "NAME" true true false 30 Text 0 0,First,#,SiteAddressPoints,NAME,0,30;NAME2 "NAME2" true true false 30 Text 0 0,First,#,SiteAddressPoints,NAME2,0,30;OLD_RTE "OLD_RTE" true true false 6 Text 0 0,First,#,SiteAddressPoints,OLD_RTE,0,6;OLD_BOXORA "OLD_BOXORA" true true false 6 Text 0 0,First,#,SiteAddressPoints,OLD_BOXORA,0,6;COMMENT "COMMENT" true true false 40 Text 0 0,First,#,SiteAddressPoints,COMMENT,0,40;PHONE "PHONE" true true false 8 Double 0 0,First,#,SiteAddressPoints,PHONE,-1,-1;PHONE2 "PHONE2" true true false 8 Double 0 0,First,#,SiteAddressPoints,PHONE2,-1,-1;PHONE3 "PHONE3" true true false 8 Double 0 0,First,#,SiteAddressPoints,PHONE3,-1,-1;PHONE4 "PHONE4" true true false 8 Double 0 0,First,#,SiteAddressPoints,PHONE4,-1,-1;PHONE5 "PHONE5" true true false 8 Double 0 0,First,#,SiteAddressPoints,PHONE5,-1,-1;PHONE6 "PHONE6" true true false 8 Double 0 0,First,#,SiteAddressPoints,PHONE6,-1,-1;LEGEND "LEGEND" true true false 1 Text 0 0,First,#,SiteAddressPoints,LEGEND,0,1;PHONENUMBE "PHONENUMBE" true true false 20 Text 0 0,First,#,SiteAddressPoints,PHONENUMBE,0,20;CUSTNAME "CUSTNAME" true true false 40 Text 0 0,First,#,SiteAddressPoints,CUSTNAME,0,40;LASTUPDATE "LASTUPDATE" true true false 8 Text 0 0,First,#,SiteAddressPoints,LASTUPDATE,0,8;JOINID "JOINID" true true false 4 Long 0 0,First,#,SiteAddressPoints,JOINID,-1,-1;RoadClass "RoadClass" true true false 20 Text 0 0,First,#,SiteAddressPoints,RoadClass,0,20" #</Process><Process ToolSource="c:\program files\arcgis\pro\Resources\ArcToolbox\toolboxes\Conversion Tools.tbx\ExportFeatures" Date="20230308" Time="152304">ExportFeatures siteaddrpts "C:\Users\troberts\Documents\GEO\GEO6 Dev\Housing2023.gdb\houses1" # NOT_USE_ALIAS "DiscrpAgID "DiscrpAgID" true true false 75 Text 0 0,First,#,siteaddrpts,siteaddrpts.DiscrpAgID,0,75;DateUpdate "DateUpdate" true true false 8 Date 0 0,First,#,siteaddrpts,siteaddrpts.DateUpdate,-1,-1;Effective "Effective" true true false 8 Date 0 0,First,#,siteaddrpts,siteaddrpts.Effective,-1,-1;Expire "Expire" true true false 8 Date 0 0,First,#,siteaddrpts,siteaddrpts.Expire,-1,-1;Site_NGUID "Site_NGUID" true true false 40 Text 0 0,First,#,siteaddrpts,siteaddrpts.Site_NGUID,0,40;Country "Country" true true false 2 Text 0 0,First,#,siteaddrpts,siteaddrpts.Country,0,2;State "State" true true false 2 Text 0 0,First,#,siteaddrpts,siteaddrpts.State,0,2;County "County" true true false 20 Text 0 0,First,#,siteaddrpts,siteaddrpts.County,0,20;AddCode "AddCode" true true false 6 Text 0 0,First,#,siteaddrpts,siteaddrpts.AddCode,0,6;AddDataURI "AddDataURI" true true false 40 Text 0 0,First,#,siteaddrpts,siteaddrpts.AddDataURI,0,40;Inc_Muni "Inc_Muni" true true false 25 Text 0 0,First,#,siteaddrpts,siteaddrpts.Inc_Muni,0,25;Uninc_Comm "Uninc_Comm" true true false 25 Text 0 0,First,#,siteaddrpts,siteaddrpts.Uninc_Comm,0,25;Nbrhd_Comm "Nbrhd_Comm" true true false 30 Text 0 0,First,#,siteaddrpts,siteaddrpts.Nbrhd_Comm,0,30;AddNum_Pre "AddNum_Pre" true true false 15 Text 0 0,First,#,siteaddrpts,siteaddrpts.AddNum_Pre,0,15;Add_Number "Add_Number" true true false 4 Long 0 0,First,#,siteaddrpts,siteaddrpts.Add_Number,-1,-1;AddNum_Suf "AddNum_Suf" true true false 15 Text 0 0,First,#,siteaddrpts,siteaddrpts.AddNum_Suf,0,15;St_PreMod "St_PreMod" true true false 15 Text 0 0,First,#,siteaddrpts,siteaddrpts.St_PreMod,0,15;St_PreDir "St_PreDir" true true false 9 Text 0 0,First,#,siteaddrpts,siteaddrpts.St_PreDir,0,9;St_PreTyp "St_PreTyp" true true false 50 Text 0 0,First,#,siteaddrpts,siteaddrpts.St_PreTyp,0,50;St_PreSep "St_PreSep" true true false 20 Text 0 0,First,#,siteaddrpts,siteaddrpts.St_PreSep,0,20;St_Name "St_Name" true true false 60 Text 0 0,First,#,siteaddrpts,siteaddrpts.St_Name,0,60;St_PosTyp "St_PosTyp" true true false 50 Text 0 0,First,#,siteaddrpts,siteaddrpts.St_PosTyp,0,50;St_PosDir "St_PosDir" true true false 9 Text 0 0,First,#,siteaddrpts,siteaddrpts.St_PosDir,0,9;St_PosMod "St_PosMod" true true false 25 Text 0 0,First,#,siteaddrpts,siteaddrpts.St_PosMod,0,25;LSt_PreDir "LSt_PreDir" true true false 2 Text 0 0,First,#,siteaddrpts,siteaddrpts.LSt_PreDir,0,2;LSt_Name "LSt_Name" true true false 75 Text 0 0,First,#,siteaddrpts,siteaddrpts.LSt_Name,0,75;LSt_Type "LSt_Type" true true false 4 Text 0 0,First,#,siteaddrpts,siteaddrpts.LSt_Type,0,4;LSt_PosDir "LSt_PosDir" true true false 2 Text 0 0,First,#,siteaddrpts,siteaddrpts.LSt_PosDir,0,2;ESN "ESN" true true false 5 Text 0 0,First,#,siteaddrpts,siteaddrpts.ESN,0,5;MSAGComm "MSAGComm" true true false 30 Text 0 0,First,#,siteaddrpts,siteaddrpts.MSAGComm,0,30;Post_Comm "Post_Comm" true true false 40 Text 0 0,First,#,siteaddrpts,siteaddrpts.Post_Comm,0,40;Post_Code "Post_Code" true true false 7 Text 0 0,First,#,siteaddrpts,siteaddrpts.Post_Code,0,7;Post_Code4 "Post_Code4" true true false 4 Text 0 0,First,#,siteaddrpts,siteaddrpts.Post_Code4,0,4;Building "Building" true true false 75 Text 0 0,First,#,siteaddrpts,siteaddrpts.Building,0,75;Floor "Floor" true true false 75 Text 0 0,First,#,siteaddrpts,siteaddrpts.Floor,0,75;Unit "Unit" true true false 75 Text 0 0,First,#,siteaddrpts,siteaddrpts.Unit,0,75;Room "Room" true true false 75 Text 0 0,First,#,siteaddrpts,siteaddrpts.Room,0,75;Seat "Seat" true true false 75 Text 0 0,First,#,siteaddrpts,siteaddrpts.Seat,0,75;Addtl_Loc "Addtl_Loc" true true false 100 Text 0 0,First,#,siteaddrpts,siteaddrpts.Addtl_Loc,0,100;LandmkName "LandmkName" true true false 60 Text 0 0,First,#,siteaddrpts,siteaddrpts.LandmkName,0,60;Mile_Post "Mile_Post" true true false 30 Text 0 0,First,#,siteaddrpts,siteaddrpts.Mile_Post,0,30;Place_Type "Place_Type" true true false 50 Text 0 0,First,#,siteaddrpts,siteaddrpts.Place_Type,0,50;Placement "Placement" true true false 25 Text 0 0,First,#,siteaddrpts,siteaddrpts.Placement,0,25;Long_ "Long_" true true false 8 Double 0 0,First,#,siteaddrpts,siteaddrpts.Long_,-1,-1;Lat "Lat" true true false 8 Double 0 0,First,#,siteaddrpts,siteaddrpts.Lat,-1,-1;Elev "Elev" true true false 2 Short 0 0,First,#,siteaddrpts,siteaddrpts.Elev,-1,-1;NG_Exception "NG_Exception" true true false 12 Text 0 0,First,#,siteaddrpts,siteaddrpts.NG_Exception,0,12;ATT_Except "ATT_Except" true true false 12 Text 0 0,First,#,siteaddrpts,siteaddrpts.ATT_Except,0,12;ADDRESSSTR "ADDRESSSTR" true true false 60 Text 0 0,First,#,siteaddrpts,siteaddrpts.ADDRESSSTR,0,60;STREET "STREET" true true false 50 Text 0 0,First,#,siteaddrpts,siteaddrpts.STREET,0,50;ADDLOC "ADDLOC" true true false 60 Text 0 0,First,#,siteaddrpts,siteaddrpts.ADDLOC,0,60;DUP "DUP" true true false 10 Text 0 0,First,#,siteaddrpts,siteaddrpts.DUP,0,10;ADDLAB "ADDLAB" true true false 12 Text 0 0,First,#,siteaddrpts,siteaddrpts.ADDLAB,0,12;FD_LINES "FD_LINES" true true false 25 Text 0 0,First,#,siteaddrpts,siteaddrpts.FD_LINES,0,25;RS_LINES "RS_LINES" true true false 25 Text 0 0,First,#,siteaddrpts,siteaddrpts.RS_LINES,0,25;DATENEW "DATENEW" true true false 8 Text 0 0,First,#,siteaddrpts,siteaddrpts.DATENEW,0,8;SR_NUM "SR_NUM" true true false 6 Text 0 0,First,#,siteaddrpts,siteaddrpts.SR_NUM,0,6;NAME "NAME" true true false 30 Text 0 0,First,#,siteaddrpts,siteaddrpts.NAME,0,30;NAME2 "NAME2" true true false 30 Text 0 0,First,#,siteaddrpts,siteaddrpts.NAME2,0,30;OLD_RTE "OLD_RTE" true true false 6 Text 0 0,First,#,siteaddrpts,siteaddrpts.OLD_RTE,0,6;OLD_BOXORA "OLD_BOXORA" true true false 6 Text 0 0,First,#,siteaddrpts,siteaddrpts.OLD_BOXORA,0,6;COMMENT "COMMENT" true true false 40 Text 0 0,First,#,siteaddrpts,siteaddrpts.COMMENT,0,40;PHONE "PHONE" true true false 8 Double 0 0,First,#,siteaddrpts,siteaddrpts.PHONE,-1,-1;PHONE2 "PHONE2" true true false 8 Double 0 0,First,#,siteaddrpts,siteaddrpts.PHONE2,-1,-1;PHONE3 "PHONE3" true true false 8 Double 0 0,First,#,siteaddrpts,siteaddrpts.PHONE3,-1,-1;PHONE4 "PHONE4" true true false 8 Double 0 0,First,#,siteaddrpts,siteaddrpts.PHONE4,-1,-1;PHONE5 "PHONE5" true true false 8 Double 0 0,First,#,siteaddrpts,siteaddrpts.PHONE5,-1,-1;PHONE6 "PHONE6" true true false 8 Double 0 0,First,#,siteaddrpts,siteaddrpts.PHONE6,-1,-1;LEGEND "LEGEND" true true false 1 Text 0 0,First,#,siteaddrpts,siteaddrpts.LEGEND,0,1;PHONENUMBE "PHONENUMBE" true true false 20 Text 0 0,First,#,siteaddrpts,siteaddrpts.PHONENUMBE,0,20;CUSTNAME "CUSTNAME" true true false 40 Text 0 0,First,#,siteaddrpts,siteaddrpts.CUSTNAME,0,40;LASTUPDATE "LASTUPDATE" true true false 8 Text 0 0,First,#,siteaddrpts,siteaddrpts.LASTUPDATE,0,8;JOINID "JOINID" true true false 4 Long 0 0,First,#,siteaddrpts,siteaddrpts.JOINID,-1,-1;RoadClass "RoadClass" true true false 20 Text 0 0,First,#,siteaddrpts,siteaddrpts.RoadClass,0,20;OBJECTID "OBJECTID" false true false 4 Long 0 9,First,#,siteaddrpts,siteaddrpts_AddSpatialJoin.OBJECTID,-1,-1;Join_Count "Join_Count" true true false 4 Long 0 0,First,#,siteaddrpts,siteaddrpts_AddSpatialJoin.Join_Count,-1,-1;TARGET_FID "TARGET_FID" true true false 4 Long 0 0,First,#,siteaddrpts,siteaddrpts_AddSpatialJoin.TARGET_FID,-1,-1;AcctNum "AcctNum" true true false 16 Text 0 0,First,#,siteaddrpts,siteaddrpts_AddSpatialJoin.AcctNum,0,16;ID "ID" true true false 4 Long 0 0,First,#,siteaddrpts,siteaddrpts_AddSpatialJoin.ID,-1,-1;MAPNUM "MAPNUM" true true false 32 Text 0 0,First,#,siteaddrpts,siteaddrpts_AddSpatialJoin.MAPNUM,0,32;AcctNum_1 "AcctNum_1" true true false 10 Text 0 0,First,#,siteaddrpts,siteaddrpts_AddSpatialJoin.AcctNum_1,0,10;OWNER1 "OWNER1" true true false 64 Text 0 0,First,#,siteaddrpts,siteaddrpts_AddSpatialJoin.OWNER1,0,64;OWNER2 "OWNER2" true true false 64 Text 0 0,First,#,siteaddrpts,siteaddrpts_AddSpatialJoin.OWNER2,0,64;OWNERADDRESS1 "OWNERADDRESS1" true true false 64 Text 0 0,First,#,siteaddrpts,siteaddrpts_AddSpatialJoin.OWNERADDRESS1,0,64;OWNERADDRESS2 "OWNERADDRESS2" true true false 64 Text 0 0,First,#,siteaddrpts,siteaddrpts_AddSpatialJoin.OWNERADDRESS2,0,64;CITY "CITY" true true false 32 Text 0 0,First,#,siteaddrpts,siteaddrpts_AddSpatialJoin.CITY,0,32;STATE "STATE" true true false 2 Text 0 0,First,#,siteaddrpts,siteaddrpts_AddSpatialJoin.STATE,0,2;ZIP "ZIP" true true false 10 Text 0 0,First,#,siteaddrpts,siteaddrpts_AddSpatialJoin.ZIP,0,10;ZIP_4 "ZIP_4" true true false 4 Text 0 0,First,#,siteaddrpts,siteaddrpts_AddSpatialJoin.ZIP_4,0,4;ACRES "ACRES" true true false 16 Text 0 0,First,#,siteaddrpts,siteaddrpts_AddSpatialJoin.ACRES,0,16;ZONING "ZONING" true true false 16 Text 0 0,First,#,siteaddrpts,siteaddrpts_AddSpatialJoin.ZONING,0,16;CLASS "CLASS" true true false 2 Short 0 0,First,#,siteaddrpts,siteaddrpts_AddSpatialJoin.CLASS,-1,-1;IMPVALUE "IMPVALUE" true true false 4 Long 0 0,First,#,siteaddrpts,siteaddrpts_AddSpatialJoin.IMPVALUE,-1,-1;LANDVALUE "LANDVALUE" true true false 4 Long 0 0,First,#,siteaddrpts,siteaddrpts_AddSpatialJoin.LANDVALUE,-1,-1;TotalPropVal "TotalPropVal" true true false 4 Long 0 0,First,#,siteaddrpts,siteaddrpts_AddSpatialJoin.TotalPropVal,-1,-1;LandUse "LandUse" true true false 4 Long 0 0,First,#,siteaddrpts,siteaddrpts_AddSpatialJoin.LandUse,-1,-1;totalTax "totalTax" true true false 8 Double 0 0,First,#,siteaddrpts,siteaddrpts_AddSpatialJoin.totalTax,-1,-1;ADDRESS "ADDRESS" true true false 4 Long 0 0,First,#,siteaddrpts,siteaddrpts_AddSpatialJoin.ADDRESS,-1,-1;DIRECTION "DIRECTION" true true false 2 Text 0 0,First,#,siteaddrpts,siteaddrpts_AddSpatialJoin.DIRECTION,0,2;STREET "STREET" true true false 32 Text 0 0,First,#,siteaddrpts,siteaddrpts_AddSpatialJoin.STREET,0,32;DeedBook "DeedBook" true true false 32 Text 0 0,First,#,siteaddrpts,siteaddrpts_AddSpatialJoin.DeedBook,0,32;WillBook "WillBook" true true false 32 Text 0 0,First,#,siteaddrpts,siteaddrpts_AddSpatialJoin.WillBook,0,32;LEGAL1 "LEGAL1" true true false 32 Text 0 0,First,#,siteaddrpts,siteaddrpts_AddSpatialJoin.LEGAL1,0,32;LEGAL3 "LEGAL3" true true false 32 Text 0 0,First,#,siteaddrpts,siteaddrpts_AddSpatialJoin.LEGAL3,0,32;lastModified "lastModified" true true false 8 Date 0 0,First,#,siteaddrpts,siteaddrpts_AddSpatialJoin.lastModified,-1,-1;currentRecord "currentRecord" true true false 2 Short 0 0,First,#,siteaddrpts,siteaddrpts_AddSpatialJoin.currentRecord,-1,-1;TRcomment "TRcomment" true true false 100 Text 0 0,First,#,siteaddrpts,siteaddrpts_AddSpatialJoin.TRcomment,0,100;TRupdate "TRupdate" true true false 4 Long 0 0,First,#,siteaddrpts,siteaddrpts_AddSpatialJoin.TRupdate,-1,-1" #</Process><Process ToolSource="c:\program files\arcgis\pro\Resources\ArcToolbox\toolboxes\Conversion Tools.tbx\ExportFeatures" Date="20230309" Time="114044">ExportFeatures houses1 "C:\Users\troberts\Documents\GEO\GEO6 Dev\Housing2023.gdb\houses3" # NOT_USE_ALIAS "DiscrpAgID "DiscrpAgID" true true false 75 Text 0 0,First,#,houses1,houses1.DiscrpAgID,0,75;DateUpdate "DateUpdate" true true false 8 Date 0 0,First,#,houses1,houses1.DateUpdate,-1,-1;Effective "Effective" true true false 8 Date 0 0,First,#,houses1,houses1.Effective,-1,-1;Expire "Expire" true true false 8 Date 0 0,First,#,houses1,houses1.Expire,-1,-1;Site_NGUID "Site_NGUID" true true false 40 Text 0 0,First,#,houses1,houses1.Site_NGUID,0,40;Country "Country" true true false 2 Text 0 0,First,#,houses1,houses1.Country,0,2;State "State" true true false 2 Text 0 0,First,#,houses1,houses1.State,0,2;County "County" true true false 20 Text 0 0,First,#,houses1,houses1.County,0,20;AddCode "AddCode" true true false 6 Text 0 0,First,#,houses1,houses1.AddCode,0,6;AddDataURI "AddDataURI" true true false 40 Text 0 0,First,#,houses1,houses1.AddDataURI,0,40;Inc_Muni "Inc_Muni" true true false 25 Text 0 0,First,#,houses1,houses1.Inc_Muni,0,25;Uninc_Comm "Uninc_Comm" true true false 25 Text 0 0,First,#,houses1,houses1.Uninc_Comm,0,25;Nbrhd_Comm "Nbrhd_Comm" true true false 30 Text 0 0,First,#,houses1,houses1.Nbrhd_Comm,0,30;AddNum_Pre "AddNum_Pre" true true false 15 Text 0 0,First,#,houses1,houses1.AddNum_Pre,0,15;Add_Number "Add_Number" true true false 4 Long 0 0,First,#,houses1,houses1.Add_Number,-1,-1;AddNum_Suf "AddNum_Suf" true true false 15 Text 0 0,First,#,houses1,houses1.AddNum_Suf,0,15;St_PreMod "St_PreMod" true true false 15 Text 0 0,First,#,houses1,houses1.St_PreMod,0,15;St_PreDir "St_PreDir" true true false 9 Text 0 0,First,#,houses1,houses1.St_PreDir,0,9;St_PreTyp "St_PreTyp" true true false 50 Text 0 0,First,#,houses1,houses1.St_PreTyp,0,50;St_PreSep "St_PreSep" true true false 20 Text 0 0,First,#,houses1,houses1.St_PreSep,0,20;St_Name "St_Name" true true false 60 Text 0 0,First,#,houses1,houses1.St_Name,0,60;St_PosTyp "St_PosTyp" true true false 50 Text 0 0,First,#,houses1,houses1.St_PosTyp,0,50;St_PosDir "St_PosDir" true true false 9 Text 0 0,First,#,houses1,houses1.St_PosDir,0,9;St_PosMod "St_PosMod" true true false 25 Text 0 0,First,#,houses1,houses1.St_PosMod,0,25;LSt_PreDir "LSt_PreDir" true true false 2 Text 0 0,First,#,houses1,houses1.LSt_PreDir,0,2;LSt_Name "LSt_Name" true true false 75 Text 0 0,First,#,houses1,houses1.LSt_Name,0,75;LSt_Type "LSt_Type" true true false 4 Text 0 0,First,#,houses1,houses1.LSt_Type,0,4;LSt_PosDir "LSt_PosDir" true true false 2 Text 0 0,First,#,houses1,houses1.LSt_PosDir,0,2;ESN "ESN" true true false 5 Text 0 0,First,#,houses1,houses1.ESN,0,5;MSAGComm "MSAGComm" true true false 30 Text 0 0,First,#,houses1,houses1.MSAGComm,0,30;Post_Comm "Post_Comm" true true false 40 Text 0 0,First,#,houses1,houses1.Post_Comm,0,40;Post_Code "Post_Code" true true false 7 Text 0 0,First,#,houses1,houses1.Post_Code,0,7;Post_Code4 "Post_Code4" true true false 4 Text 0 0,First,#,houses1,houses1.Post_Code4,0,4;Building "Building" true true false 75 Text 0 0,First,#,houses1,houses1.Building,0,75;Floor "Floor" true true false 75 Text 0 0,First,#,houses1,houses1.Floor,0,75;Unit "Unit" true true false 75 Text 0 0,First,#,houses1,houses1.Unit,0,75;Room "Room" true true false 75 Text 0 0,First,#,houses1,houses1.Room,0,75;Seat "Seat" true true false 75 Text 0 0,First,#,houses1,houses1.Seat,0,75;Addtl_Loc "Addtl_Loc" true true false 100 Text 0 0,First,#,houses1,houses1.Addtl_Loc,0,100;LandmkName "LandmkName" true true false 60 Text 0 0,First,#,houses1,houses1.LandmkName,0,60;Mile_Post "Mile_Post" true true false 30 Text 0 0,First,#,houses1,houses1.Mile_Post,0,30;Place_Type "Place_Type" true true false 50 Text 0 0,First,#,houses1,houses1.Place_Type,0,50;Placement "Placement" true true false 25 Text 0 0,First,#,houses1,houses1.Placement,0,25;Long_ "Long_" true true false 8 Double 0 0,First,#,houses1,houses1.Long_,-1,-1;Lat "Lat" true true false 8 Double 0 0,First,#,houses1,houses1.Lat,-1,-1;Elev "Elev" true true false 2 Short 0 0,First,#,houses1,houses1.Elev,-1,-1;NG_Exception "NG_Exception" true true false 12 Text 0 0,First,#,houses1,houses1.NG_Exception,0,12;ATT_Except "ATT_Except" true true false 12 Text 0 0,First,#,houses1,houses1.ATT_Except,0,12;ADDRESSSTR "ADDRESSSTR" true true false 60 Text 0 0,First,#,houses1,houses1.ADDRESSSTR,0,60;STREET "STREET" true true false 50 Text 0 0,First,#,houses1,houses1.STREET,0,50;ADDLOC "ADDLOC" true true false 60 Text 0 0,First,#,houses1,houses1.ADDLOC,0,60;DUP "DUP" true true false 10 Text 0 0,First,#,houses1,houses1.DUP,0,10;ADDLAB "ADDLAB" true true false 12 Text 0 0,First,#,houses1,houses1.ADDLAB,0,12;FD_LINES "FD_LINES" true true false 25 Text 0 0,First,#,houses1,houses1.FD_LINES,0,25;RS_LINES "RS_LINES" true true false 25 Text 0 0,First,#,houses1,houses1.RS_LINES,0,25;DATENEW "DATENEW" true true false 8 Text 0 0,First,#,houses1,houses1.DATENEW,0,8;SR_NUM "SR_NUM" true true false 6 Text 0 0,First,#,houses1,houses1.SR_NUM,0,6;NAME "NAME" true true false 30 Text 0 0,First,#,houses1,houses1.NAME,0,30;NAME2 "NAME2" true true false 30 Text 0 0,First,#,houses1,houses1.NAME2,0,30;OLD_RTE "OLD_RTE" true true false 6 Text 0 0,First,#,houses1,houses1.OLD_RTE,0,6;OLD_BOXORA "OLD_BOXORA" true true false 6 Text 0 0,First,#,houses1,houses1.OLD_BOXORA,0,6;COMMENT "COMMENT" true true false 40 Text 0 0,First,#,houses1,houses1.COMMENT,0,40;PHONE "PHONE" true true false 8 Double 0 0,First,#,houses1,houses1.PHONE,-1,-1;PHONE2 "PHONE2" true true false 8 Double 0 0,First,#,houses1,houses1.PHONE2,-1,-1;PHONE3 "PHONE3" true true false 8 Double 0 0,First,#,houses1,houses1.PHONE3,-1,-1;PHONE4 "PHONE4" true true false 8 Double 0 0,First,#,houses1,houses1.PHONE4,-1,-1;PHONE5 "PHONE5" true true false 8 Double 0 0,First,#,houses1,houses1.PHONE5,-1,-1;PHONE6 "PHONE6" true true false 8 Double 0 0,First,#,houses1,houses1.PHONE6,-1,-1;LEGEND "LEGEND" true true false 1 Text 0 0,First,#,houses1,houses1.LEGEND,0,1;PHONENUMBE "PHONENUMBE" true true false 20 Text 0 0,First,#,houses1,houses1.PHONENUMBE,0,20;CUSTNAME "CUSTNAME" true true false 40 Text 0 0,First,#,houses1,houses1.CUSTNAME,0,40;LASTUPDATE "LASTUPDATE" true true false 8 Text 0 0,First,#,houses1,houses1.LASTUPDATE,0,8;JOINID "JOINID" true true false 4 Long 0 0,First,#,houses1,houses1.JOINID,-1,-1;RoadClass "RoadClass" true true false 20 Text 0 0,First,#,houses1,houses1.RoadClass,0,20;OBJECTID "OBJECTID" true true false 4 Long 0 0,First,#,houses1,houses1.OBJECTID,-1,-1;Join_Count "Join_Count" true true false 4 Long 0 0,First,#,houses1,houses1.Join_Count,-1,-1;TARGET_FID "TARGET_FID" true true false 4 Long 0 0,First,#,houses1,houses1.TARGET_FID,-1,-1;AcctNum "AcctNum" true true false 16 Text 0 0,First,#,houses1,houses1.AcctNum,0,16;ID "ID" true true false 4 Long 0 0,First,#,houses1,houses1.ID,-1,-1;MAPNUM "MAPNUM" true true false 32 Text 0 0,First,#,houses1,houses1.MAPNUM,0,32;AcctNum_1 "AcctNum_1" true true false 10 Text 0 0,First,#,houses1,houses1.AcctNum_1,0,10;OWNER1 "OWNER1" true true false 64 Text 0 0,First,#,houses1,houses1.OWNER1,0,64;OWNER2 "OWNER2" true true false 64 Text 0 0,First,#,houses1,houses1.OWNER2,0,64;OWNERADDRESS1 "OWNERADDRESS1" true true false 64 Text 0 0,First,#,houses1,houses1.OWNERADDRESS1,0,64;OWNERADDRESS2 "OWNERADDRESS2" true true false 64 Text 0 0,First,#,houses1,houses1.OWNERADDRESS2,0,64;CITY "CITY" true true false 32 Text 0 0,First,#,houses1,houses1.CITY,0,32;STATE_1 "STATE" true true false 2 Text 0 0,First,#,houses1,houses1.STATE_1,0,2;ZIP "ZIP" true true false 10 Text 0 0,First,#,houses1,houses1.ZIP,0,10;ZIP_4 "ZIP_4" true true false 4 Text 0 0,First,#,houses1,houses1.ZIP_4,0,4;ACRES "ACRES" true true false 16 Text 0 0,First,#,houses1,houses1.ACRES,0,16;ZONING "ZONING" true true false 16 Text 0 0,First,#,houses1,houses1.ZONING,0,16;CLASS "CLASS" true true false 2 Short 0 0,First,#,houses1,houses1.CLASS,-1,-1;IMPVALUE "IMPVALUE" true true false 4 Long 0 0,First,#,houses1,houses1.IMPVALUE,-1,-1;LANDVALUE "LANDVALUE" true true false 4 Long 0 0,First,#,houses1,houses1.LANDVALUE,-1,-1;TotalPropVal "TotalPropVal" true true false 4 Long 0 0,First,#,houses1,houses1.TotalPropVal,-1,-1;LandUse "LandUse" true true false 4 Long 0 0,First,#,houses1,houses1.LandUse,-1,-1;totalTax "totalTax" true true false 8 Double 0 0,First,#,houses1,houses1.totalTax,-1,-1;ADDRESS "ADDRESS" true true false 4 Long 0 0,First,#,houses1,houses1.ADDRESS,-1,-1;DIRECTION "DIRECTION" true true false 2 Text 0 0,First,#,houses1,houses1.DIRECTION,0,2;STREET_1 "STREET" true true false 32 Text 0 0,First,#,houses1,houses1.STREET_1,0,32;DeedBook "DeedBook" true true false 32 Text 0 0,First,#,houses1,houses1.DeedBook,0,32;WillBook "WillBook" true true false 32 Text 0 0,First,#,houses1,houses1.WillBook,0,32;LEGAL1 "LEGAL1" true true false 32 Text 0 0,First,#,houses1,houses1.LEGAL1,0,32;LEGAL3 "LEGAL3" true true false 32 Text 0 0,First,#,houses1,houses1.LEGAL3,0,32;lastModified "lastModified" true true false 8 Date 0 0,First,#,houses1,houses1.lastModified,-1,-1;currentRecord "currentRecord" true true false 2 Short 0 0,First,#,houses1,houses1.currentRecord,-1,-1;TRcomment "TRcomment" true true false 100 Text 0 0,First,#,houses1,houses1.TRcomment,0,100;TRupdate "TRupdate" true true false 4 Long 0 0,First,#,houses1,houses1.TRupdate,-1,-1;MAPNUM "MAPNUM" true true false 255 Text 0 0,First,#,houses1,realestate$.MAPNUM,0,255;AcctNum "AcctNum" true true false 255 Text 0 0,First,#,houses1,realestate$.AcctNum,0,255;OWNER1 "OWNER1" true true false 255 Text 0 0,First,#,houses1,realestate$.OWNER1,0,255;OWNER2 "OWNER2" true true false 255 Text 0 0,First,#,houses1,realestate$.OWNER2,0,255;OWNERADDRESS1 "OWNERADDRESS1" true true false 255 Text 0 0,First,#,houses1,realestate$.OWNERADDRESS1,0,255;OWNERADDRESS2 "OWNERADDRESS2" true true false 255 Text 0 0,First,#,houses1,realestate$.OWNERADDRESS2,0,255;CITY "CITY" true true false 255 Text 0 0,First,#,houses1,realestate$.CITY,0,255;STATE "STATE" true true false 255 Text 0 0,First,#,houses1,realestate$.STATE,0,255;ZIP "ZIP" true true false 255 Text 0 0,First,#,houses1,realestate$.ZIP,0,255;ZIP_4 "ZIP_4" true true false 255 Text 0 0,First,#,houses1,realestate$.ZIP_4,0,255;ACRES "ACRES" true true false 255 Text 0 0,First,#,houses1,realestate$.ACRES,0,255;ZONING "ZONING" true true false 255 Text 0 0,First,#,houses1,realestate$.ZONING,0,255;CLASS "CLASS" true true false 8 Double 0 0,First,#,houses1,realestate$.CLASS,-1,-1;IMPVALUE "IMPVALUE" true true false 8 Double 0 0,First,#,houses1,realestate$.IMPVALUE,-1,-1;LANDVALUE "LANDVALUE" true true false 8 Double 0 0,First,#,houses1,realestate$.LANDVALUE,-1,-1;TotalPropVal "TotalPropVal" true true false 8 Double 0 0,First,#,houses1,realestate$.TotalPropVal,-1,-1;LandUse "LandUse" true true false 8 Double 0 0,First,#,houses1,realestate$.LandUse,-1,-1;totalTax "totalTax" true true false 8 Double 0 0,First,#,houses1,realestate$.totalTax,-1,-1;ADDRESS "ADDRESS" true true false 8 Double 0 0,First,#,houses1,realestate$.ADDRESS,-1,-1;DIRECTION "DIRECTION" true true false 255 Text 0 0,First,#,houses1,realestate$.DIRECTION,0,255;STREET "STREET" true true false 255 Text 0 0,First,#,houses1,realestate$.STREET,0,255;DeedBook "DeedBook" true true false 255 Text 0 0,First,#,houses1,realestate$.DeedBook,0,255;WillBook "WillBook" true true false 255 Text 0 0,First,#,houses1,realestate$.WillBook,0,255;LEGAL1 "LEGAL1" true true false 255 Text 0 0,First,#,houses1,realestate$.LEGAL1,0,255;LEGAL3 "LEGAL3" true true false 255 Text 0 0,First,#,houses1,realestate$.LEGAL3,0,255;lastModified "lastModified" true true false 8 Date 0 0,First,#,houses1,realestate$.lastModified,-1,-1;currentRecord "currentRecord" true true false 2 Short 0 0,First,#,houses1,realestate$.currentRecord,-1,-1;Column37 "Column37" true true false 255 Text 0 0,First,#,houses1,realestate$.Column37,0,255;Column1 "Column1" true true false 255 Text 0 0,First,#,houses1,realestate$.Column1,0,255;Column2 "Column2" true true false 255 Text 0 0,First,#,houses1,realestate$.Column2,0,255;Column3 "Column3" true true false 255 Text 0 0,First,#,houses1,realestate$.Column3,0,255;Column4 "Column4" true true false 255 Text 0 0,First,#,houses1,realestate$.Column4,0,255;Column5 "Column5" true true false 255 Text 0 0,First,#,houses1,realestate$.Column5,0,255;Column6 "Column6" true true false 255 Text 0 0,First,#,houses1,realestate$.Column6,0,255;Column7 "Column7" true true false 255 Text 0 0,First,#,houses1,realestate$.Column7,0,255;Column8 "Column8" true true false 8 Double 0 0,First,#,houses1,realestate$.Column8,-1,-1;Column9 "Column9" true true false 8 Double 0 0,First,#,houses1,realestate$.Column9,-1,-1;Column10 "Column10" true true false 255 Text 0 0,First,#,houses1,realestate$.Column10,0,255;Column11 "Column11" true true false 255 Text 0 0,First,#,houses1,realestate$.Column11,0,255;Column12 "Column12" true true false 255 Text 0 0,First,#,houses1,realestate$.Column12,0,255;Column13 "Column13" true true false 255 Text 0 0,First,#,houses1,realestate$.Column13,0,255;Column14 "Column14" true true false 8 Double 0 0,First,#,houses1,realestate$.Column14,-1,-1;Column15 "Column15" true true false 255 Text 0 0,First,#,houses1,realestate$.Column15,0,255;Column16 "Column16" true true false 255 Text 0 0,First,#,houses1,realestate$.Column16,0,255;Column17 "Column17" true true false 8 Double 0 0,First,#,houses1,realestate$.Column17,-1,-1;Column18 "Column18" true true false 255 Text 0 0,First,#,houses1,realestate$.Column18,0,255;Column19 "Column19" true true false 255 Text 0 0,First,#,houses1,realestate$.Column19,0,255;Column20 "Column20" true true false 8 Double 0 0,First,#,houses1,realestate$.Column20,-1,-1;Column21 "Column21" true true false 8 Double 0 0,First,#,houses1,realestate$.Column21,-1,-1;Column22 "Column22" true true false 8 Double 0 0,First,#,houses1,realestate$.Column22,-1,-1;Column23 "Column23" true true false 8 Double 0 0,First,#,houses1,realestate$.Column23,-1,-1;Column24 "Column24" true true false 8 Double 0 0,First,#,houses1,realestate$.Column24,-1,-1;Column25 "Column25" true true false 255 Text 0 0,First,#,houses1,realestate$.Column25,0,255;Column26 "Column26" true true false 255 Text 0 0,First,#,houses1,realestate$.Column26,0,255;Column27 "Column27" true true false 255 Text 0 0,First,#,houses1,realestate$.Column27,0,255;Column28 "Column28" true true false 8 Double 0 0,First,#,houses1,realestate$.Column28,-1,-1;Column29 "Column29" true true false 255 Text 0 0,First,#,houses1,realestate$.Column29,0,255;Column30 "Column30" true true false 255 Text 0 0,First,#,houses1,realestate$.Column30,0,255;Column31 "Column31" true true false 8 Double 0 0,First,#,houses1,realestate$.Column31,-1,-1;Column32 "Column32" true true false 255 Text 0 0,First,#,houses1,realestate$.Column32,0,255;Column33 "Column33" true true false 8 Double 0 0,First,#,houses1,realestate$.Column33,-1,-1;Column34 "Column34" true true false 255 Text 0 0,First,#,houses1,realestate$.Column34,0,255;Column35 "Column35" true true false 255 Text 0 0,First,#,houses1,realestate$.Column35,0,255;Column36 "Column36" true true false 255 Text 0 0,First,#,houses1,realestate$.Column36,0,255;ObjectID "ObjectID" false true false 4 Long 0 9,First,#,houses1,realestate$.ObjectID,-1,-1" #</Process><Process ToolSource="c:\program files\arcgis\pro\Resources\ArcToolbox\toolboxes\Data Management Tools.tbx\DeleteField" Date="20230309" Time="120119">DeleteField houses3 Room;Seat;Addtl_Loc;LandmkName;Mile_Post;Place_Type;Placement;Elev;NG_Exception;ATT_Except "Delete Fields"</Process><Process ToolSource="c:\program files\arcgis\pro\Resources\ArcToolbox\toolboxes\Data Management Tools.tbx\DeleteField" Date="20230309" Time="120336">DeleteField houses3 DUP;ADDLAB;FD_LINES;RS_LINES;DATENEW;SR_NUM;NAME;NAME2;OLD_RTE;OLD_BOXORA;COMMENT;PHONE;PHONE2;PHONE3;PHONE4;PHONE5;PHONE6;LEGEND;PHONENUMBE "Delete Fields"</Process><Process ToolSource="c:\program files\arcgis\pro\Resources\ArcToolbox\toolboxes\Data Management Tools.tbx\DeleteField" Date="20230309" Time="120727">DeleteField houses3 RoadClass;OBJECTID;Join_Count;TARGET_FID "Delete Fields"</Process><Process ToolSource="c:\program files\arcgis\pro\Resources\ArcToolbox\toolboxes\Data Management Tools.tbx\DeleteField" Date="20230309" Time="120913">DeleteField houses3 ZONING;LandUse;lastModified;currentRecord;TRcomment;TRupdate;MAPNUM_1;AcctNum_12;OWNER1_1;OWNER2_1;OWNERADDRESS1_1;OWNERADDRESS2_1;CITY_1;STATE_12;ZIP_1;ZIP_45;ACRES_1;ZONING_1;CLASS_1;IMPVALUE_1;LANDVALUE_1;TotalPropVal_1;LandUse_1;totalTax_1;ADDRESS_1;DIRECTION_1;STREET_12;DeedBook_1;WillBook_1 "Delete Fields"</Process><Process ToolSource="c:\program files\arcgis\pro\Resources\ArcToolbox\toolboxes\Data Management Tools.tbx\DeleteField" Date="20230309" Time="121047">DeleteField houses3 lastModified_1;currentRecord_1;Column37;Column1;Column2;Column3;Column4;Column5;Column6;Column7;Column8;Column10;Column11;Column12 "Delete Fields"</Process><Process ToolSource="c:\program files\arcgis\pro\Resources\ArcToolbox\toolboxes\Data Management Tools.tbx\DeleteField" Date="20230309" Time="121237">DeleteField houses3 Column20;Column21;Column22;Column26;Column27;Column28;Column30;Column32;Column34;Column35;Column36 "Delete Fields"</Process><Process ToolSource="c:\program files\arcgis\pro\Resources\ArcToolbox\toolboxes\Data Management Tools.tbx\DeleteField" Date="20230309" Time="121553">DeleteField houses3 ObjectID_1 "Delete Fields"</Process><Process ToolSource="c:\program files\arcgis\pro\Resources\ArcToolbox\toolboxes\Data Management Tools.tbx\UpdateSchema" Date="20230309" Time="121740">UpdateSchema "CIMDATA=&lt;CIMStandardDataConnection xsi:type='typens:CIMStandardDataConnection' xmlns:xsi='http://www.w3.org/2001/XMLSchema-instance' xmlns:xs='http://www.w3.org/2001/XMLSchema' xmlns:typens='http://www.esri.com/schemas/ArcGIS/3.1.0'&gt;&lt;WorkspaceConnectionString&gt;DATABASE=C:\Users\troberts\Documents\GEO\GEO6 Dev\Housing2023.gdb&lt;/WorkspaceConnectionString&gt;&lt;WorkspaceFactory&gt;FileGDB&lt;/WorkspaceFactory&gt;&lt;Dataset&gt;houses3&lt;/Dataset&gt;&lt;DatasetType&gt;esriDTFeatureClass&lt;/DatasetType&gt;&lt;/CIMStandardDataConnection&gt;" &lt;operationSequence&gt;&lt;workflow&gt;&lt;AlterField&gt;&lt;field_name&gt;Column31&lt;/field_name&gt;&lt;new_field_name&gt;LASTSALE&lt;/new_field_name&gt;&lt;field_is_nullable&gt;True&lt;/field_is_nullable&gt;&lt;clear_field_alias&gt;False&lt;/clear_field_alias&gt;&lt;/AlterField&gt;&lt;/workflow&gt;&lt;workflow&gt;&lt;AlterField&gt;&lt;field_name&gt;Column33&lt;/field_name&gt;&lt;new_field_name&gt;SQFT&lt;/new_field_name&gt;&lt;field_is_nullable&gt;True&lt;/field_is_nullable&gt;&lt;clear_field_alias&gt;False&lt;/clear_field_alias&gt;&lt;/AlterField&gt;&lt;/workflow&gt;&lt;/operationSequence&gt;</Process><Process ToolSource="c:\program files\arcgis\pro\Resources\ArcToolbox\toolboxes\Data Management Tools.tbx\UpdateSchema" Date="20230309" Time="121928">UpdateSchema "CIMDATA=&lt;CIMStandardDataConnection xsi:type='typens:CIMStandardDataConnection' xmlns:xsi='http://www.w3.org/2001/XMLSchema-instance' xmlns:xs='http://www.w3.org/2001/XMLSchema' xmlns:typens='http://www.esri.com/schemas/ArcGIS/3.1.0'&gt;&lt;WorkspaceConnectionString&gt;DATABASE=C:\Users\troberts\Documents\GEO\GEO6 Dev\Housing2023.gdb&lt;/WorkspaceConnectionString&gt;&lt;WorkspaceFactory&gt;FileGDB&lt;/WorkspaceFactory&gt;&lt;Dataset&gt;houses3&lt;/Dataset&gt;&lt;DatasetType&gt;esriDTFeatureClass&lt;/DatasetType&gt;&lt;/CIMStandardDataConnection&gt;" &lt;operationSequence&gt;&lt;workflow&gt;&lt;AlterField&gt;&lt;field_name&gt;Column9&lt;/field_name&gt;&lt;new_field_name&gt;YEARBUILT&lt;/new_field_name&gt;&lt;field_is_nullable&gt;True&lt;/field_is_nullable&gt;&lt;clear_field_alias&gt;False&lt;/clear_field_alias&gt;&lt;/AlterField&gt;&lt;/workflow&gt;&lt;/operationSequence&gt;</Process><Process ToolSource="c:\program files\arcgis\pro\Resources\ArcToolbox\toolboxes\Conversion Tools.tbx\ExportFeatures" Date="20230310" Time="172013">ExportFeatures houses3 "C:\Users\troberts\Documents\GEO\Exports 2\bvhouses.shp" # NOT_USE_ALIAS "DiscrpAgID "DiscrpAgID" true true false 75 Text 0 0,First,#,houses3,DiscrpAgID,0,75;DateUpdate "DateUpdate" true true false 8 Date 0 0,First,#,houses3,DateUpdate,-1,-1;Effective "Effective" true true false 8 Date 0 0,First,#,houses3,Effective,-1,-1;Expire "Expire" true true false 8 Date 0 0,First,#,houses3,Expire,-1,-1;Site_NGUID "Site_NGUID" true true false 40 Text 0 0,First,#,houses3,Site_NGUID,0,40;Country "Country" true true false 2 Text 0 0,First,#,houses3,Country,0,2;State "State" true true false 2 Text 0 0,First,#,houses3,State,0,2;County "County" true true false 20 Text 0 0,First,#,houses3,County,0,20;AddCode "AddCode" true true false 6 Text 0 0,First,#,houses3,AddCode,0,6;AddDataURI "AddDataURI" true true false 40 Text 0 0,First,#,houses3,AddDataURI,0,40;Inc_Muni "Inc_Muni" true true false 25 Text 0 0,First,#,houses3,Inc_Muni,0,25;Uninc_Comm "Uninc_Comm" true true false 25 Text 0 0,First,#,houses3,Uninc_Comm,0,25;Nbrhd_Comm "Nbrhd_Comm" true true false 30 Text 0 0,First,#,houses3,Nbrhd_Comm,0,30;AddNum_Pre "AddNum_Pre" true true false 15 Text 0 0,First,#,houses3,AddNum_Pre,0,15;Add_Number "Add_Number" true true false 4 Long 0 0,First,#,houses3,Add_Number,-1,-1;AddNum_Suf "AddNum_Suf" true true false 15 Text 0 0,First,#,houses3,AddNum_Suf,0,15;St_PreMod "St_PreMod" true true false 15 Text 0 0,First,#,houses3,St_PreMod,0,15;St_PreDir "St_PreDir" true true false 9 Text 0 0,First,#,houses3,St_PreDir,0,9;St_PreTyp "St_PreTyp" true true false 50 Text 0 0,First,#,houses3,St_PreTyp,0,50;St_PreSep "St_PreSep" true true false 20 Text 0 0,First,#,houses3,St_PreSep,0,20;St_Name "St_Name" true true false 60 Text 0 0,First,#,houses3,St_Name,0,60;St_PosTyp "St_PosTyp" true true false 50 Text 0 0,First,#,houses3,St_PosTyp,0,50;St_PosDir "St_PosDir" true true false 9 Text 0 0,First,#,houses3,St_PosDir,0,9;St_PosMod "St_PosMod" true true false 25 Text 0 0,First,#,houses3,St_PosMod,0,25;LSt_PreDir "LSt_PreDir" true true false 2 Text 0 0,First,#,houses3,LSt_PreDir,0,2;LSt_Name "LSt_Name" true true false 75 Text 0 0,First,#,houses3,LSt_Name,0,75;LSt_Type "LSt_Type" true true false 4 Text 0 0,First,#,houses3,LSt_Type,0,4;LSt_PosDir "LSt_PosDir" true true false 2 Text 0 0,First,#,houses3,LSt_PosDir,0,2;ESN "ESN" true true false 5 Text 0 0,First,#,houses3,ESN,0,5;MSAGComm "MSAGComm" true true false 30 Text 0 0,First,#,houses3,MSAGComm,0,30;Post_Comm "Post_Comm" true true false 40 Text 0 0,First,#,houses3,Post_Comm,0,40;Post_Code "Post_Code" true true false 7 Text 0 0,First,#,houses3,Post_Code,0,7;Post_Code4 "Post_Code4" true true false 4 Text 0 0,First,#,houses3,Post_Code4,0,4;Building "Building" true true false 75 Text 0 0,First,#,houses3,Building,0,75;Floor "Floor" true true false 75 Text 0 0,First,#,houses3,Floor,0,75;Unit "Unit" true true false 75 Text 0 0,First,#,houses3,Unit,0,75;Long_ "Long_" true true false 8 Double 0 0,First,#,houses3,Long_,-1,-1;Lat "Lat" true true false 8 Double 0 0,First,#,houses3,Lat,-1,-1;ADDRESSSTR "ADDRESSSTR" true true false 60 Text 0 0,First,#,houses3,ADDRESSSTR,0,60;STREET "STREET" true true false 50 Text 0 0,First,#,houses3,STREET,0,50;ADDLOC "ADDLOC" true true false 60 Text 0 0,First,#,houses3,ADDLOC,0,60;CUSTNAME "CUSTNAME" true true false 40 Text 0 0,First,#,houses3,CUSTNAME,0,40;LASTUPDATE "LASTUPDATE" true true false 8 Text 0 0,First,#,houses3,LASTUPDATE,0,8;JOINID "JOINID" true true false 4 Long 0 0,First,#,houses3,JOINID,-1,-1;AcctNum "AcctNum" true true false 16 Text 0 0,First,#,houses3,AcctNum,0,16;ID "ID" true true false 4 Long 0 0,First,#,houses3,ID,-1,-1;MAPNUM "MAPNUM" true true false 32 Text 0 0,First,#,houses3,MAPNUM,0,32;AcctNum_1 "AcctNum_1" true true false 10 Text 0 0,First,#,houses3,AcctNum_1,0,10;OWNER1 "OWNER1" true true false 64 Text 0 0,First,#,houses3,OWNER1,0,64;OWNER2 "OWNER2" true true false 64 Text 0 0,First,#,houses3,OWNER2,0,64;OWNERADDRESS1 "OWNERADDRESS1" true true false 64 Text 0 0,First,#,houses3,OWNERADDRESS1,0,64;OWNERADDRESS2 "OWNERADDRESS2" true true false 64 Text 0 0,First,#,houses3,OWNERADDRESS2,0,64;CITY "CITY" true true false 32 Text 0 0,First,#,houses3,CITY,0,32;STATE_1 "STATE" true true false 2 Text 0 0,First,#,houses3,STATE_1,0,2;ZIP "ZIP" true true false 10 Text 0 0,First,#,houses3,ZIP,0,10;ZIP_4 "ZIP_4" true true false 4 Text 0 0,First,#,houses3,ZIP_4,0,4;ACRES "ACRES" true true false 16 Text 0 0,First,#,houses3,ACRES,0,16;CLASS "CLASS" true true false 2 Short 0 0,First,#,houses3,CLASS,-1,-1;IMPVALUE "IMPVALUE" true true false 4 Long 0 0,First,#,houses3,IMPVALUE,-1,-1;LANDVALUE "LANDVALUE" true true false 4 Long 0 0,First,#,houses3,LANDVALUE,-1,-1;TotalPropVal "TotalPropVal" true true false 4 Long 0 0,First,#,houses3,TotalPropVal,-1,-1;totalTax "totalTax" true true false 8 Double 0 0,First,#,houses3,totalTax,-1,-1;ADDRESS "ADDRESS" true true false 4 Long 0 0,First,#,houses3,ADDRESS,-1,-1;DIRECTION "DIRECTION" true true false 2 Text 0 0,First,#,houses3,DIRECTION,0,2;STREET_1 "STREET" true true false 32 Text 0 0,First,#,houses3,STREET_1,0,32;DeedBook "DeedBook" true true false 32 Text 0 0,First,#,houses3,DeedBook,0,32;WillBook "WillBook" true true false 32 Text 0 0,First,#,houses3,WillBook,0,32;LEGAL1 "LEGAL1" true true false 32 Text 0 0,First,#,houses3,LEGAL1,0,32;LEGAL3 "LEGAL3" true true false 32 Text 0 0,First,#,houses3,LEGAL3,0,32;LEGAL1_1 "LEGAL1" true true false 255 Text 0 0,First,#,houses3,LEGAL1_1,0,255;LEGAL3_1 "LEGAL3" true true false 255 Text 0 0,First,#,houses3,LEGAL3_1,0,255;YEARBUILT "YEARBUILT" true true false 8 Double 0 0,First,#,houses3,YEARBUILT,-1,-1;SQFT "SQFT" true true false 8 Double 0 0,First,#,houses3,SQFT,-1,-1;Column13 "Column13" true true false 255 Text 0 0,First,#,houses3,Column13,0,255;Column14 "Column14" true true false 8 Double 0 0,First,#,houses3,Column14,-1,-1;Column15 "Column15" true true false 255 Text 0 0,First,#,houses3,Column15,0,255;Column16 "Column16" true true false 255 Text 0 0,First,#,houses3,Column16,0,255;Column17 "Column17" true true false 8 Double 0 0,First,#,houses3,Column17,-1,-1;Column18 "Column18" true true false 255 Text 0 0,First,#,houses3,Column18,0,255;Column19 "Column19" true true false 255 Text 0 0,First,#,houses3,Column19,0,255;Column23 "Column23" true true false 8 Double 0 0,First,#,houses3,Column23,-1,-1;Column24 "Column24" true true false 8 Double 0 0,First,#,houses3,Column24,-1,-1;Column25 "Column25" true true false 255 Text 0 0,First,#,houses3,Column25,0,255;Column29 "Column29" true true false 255 Text 0 0,First,#,houses3,Column29,0,255;LASTSALE "LASTSALE" true true false 8 Double 0 0,First,#,houses3,LASTSALE,-1,-1" #</Process></lineage><itemProps><itemLocation><linkage Sync="TRUE">file://\\COMDEV-LAPTOP\Users\troberts\Documents\GEO\Exports 2\bvhouses.shp</linkage><protocol Sync="TRUE">Local Area Network</protocol></itemLocation><itemName Sync="TRUE">bvhouses</itemName><imsContentType Sync="TRUE">002</imsContentType><itemSize Sync="TRUE">0.000</itemSize></itemProps><coordRef><type Sync="TRUE">Projected</type><geogcsn Sync="TRUE">GCS_North_American_1983</geogcsn><csUnits Sync="TRUE">Linear Unit: Foot_US (0.304801)</csUnits><projcsn Sync="TRUE">NAD_1983_StatePlane_Virginia_South_FIPS_4502_Feet</projcsn><peXml Sync="TRUE">&lt;ProjectedCoordinateSystem xsi:type='typens:ProjectedCoordinateSystem' xmlns:xsi='http://www.w3.org/2001/XMLSchema-instance' xmlns:xs='http://www.w3.org/2001/XMLSchema' xmlns:typens='http://www.esri.com/schemas/ArcGIS/3.1.0'&gt;&lt;WKT&gt;PROJCS[&amp;quot;NAD_1983_StatePlane_Virginia_South_FIPS_4502_Feet&amp;quot;,GEOGCS[&amp;quot;GCS_North_American_1983&amp;quot;,DATUM[&amp;quot;D_North_American_1983&amp;quot;,SPHEROID[&amp;quot;GRS_1980&amp;quot;,6378137.0,298.257222101]],PRIMEM[&amp;quot;Greenwich&amp;quot;,0.0],UNIT[&amp;quot;Degree&amp;quot;,0.0174532925199433]],PROJECTION[&amp;quot;Lambert_Conformal_Conic&amp;quot;],PARAMETER[&amp;quot;False_Easting&amp;quot;,11482916.66666666],PARAMETER[&amp;quot;False_Northing&amp;quot;,3280833.333333333],PARAMETER[&amp;quot;Central_Meridian&amp;quot;,-78.5],PARAMETER[&amp;quot;Standard_Parallel_1&amp;quot;,36.76666666666667],PARAMETER[&amp;quot;Standard_Parallel_2&amp;quot;,37.96666666666667],PARAMETER[&amp;quot;Latitude_Of_Origin&amp;quot;,36.33333333333334],UNIT[&amp;quot;Foot_US&amp;quot;,0.3048006096012192],AUTHORITY[&amp;quot;EPSG&amp;quot;,2284]]&lt;/WKT&gt;&lt;XOrigin&gt;-111140600&lt;/XOrigin&gt;&lt;YOrigin&gt;-91532100&lt;/YOrigin&gt;&lt;XYScale&gt;36727036.750856541&lt;/XYScale&gt;&lt;ZOrigin&gt;-100000&lt;/ZOrigin&gt;&lt;ZScale&gt;10000&lt;/ZScale&gt;&lt;MOrigin&gt;-100000&lt;/MOrigin&gt;&lt;MScale&gt;10000&lt;/MScale&gt;&lt;XYTolerance&gt;0.0032808333333333331&lt;/XYTolerance&gt;&lt;ZTolerance&gt;0.001&lt;/ZTolerance&gt;&lt;MTolerance&gt;0.001&lt;/MTolerance&gt;&lt;HighPrecision&gt;true&lt;/HighPrecision&gt;&lt;WKID&gt;102747&lt;/WKID&gt;&lt;LatestWKID&gt;2284&lt;/LatestWKID&gt;&lt;/ProjectedCoordinateSystem&gt;</peXml></coordRef></DataProperties><SyncDate>20230310</SyncDate><SyncTime>17201100</SyncTime><ModDate>20230310</ModDate><ModTime>17201100</ModTime></Esri><dataIdInfo><envirDesc Sync="TRUE">Microsoft Windows 10 Version 10.0 (Build 17134) ; Esri ArcGIS 13.1.0.41833</envirDesc><dataLang><languageCode value="eng" Sync="TRUE"></languageCode><countryCode value="USA" Sync="TRUE"></countryCode></dataLang><idCitation><resTitle Sync="TRUE">bvhouses</resTitle><presForm><PresFormCd value="005" Sync="TRUE"></PresFormCd></presForm></idCitation><spatRpType><SpatRepTypCd value="001" Sync="TRUE"></SpatRepTypCd></spatRpType></dataIdInfo><mdLang><languageCode value="eng" Sync="TRUE"></languageCode><countryCode value="USA" Sync="TRUE"></countryCode></mdLang><distInfo><distFormat><formatName Sync="TRUE">Shapefile</formatName></distFormat><distTranOps><transSize Sync="TRUE">0.000</transSize></distTranOps></distInfo><mdHrLv><ScopeCd value="005" Sync="TRUE"></ScopeCd></mdHrLv><mdHrLvName Sync="TRUE">dataset</mdHrLvName><refSysInfo><RefSystem><refSysID><identCode code="2284" Sync="TRUE"></identCode><idCodeSpace Sync="TRUE">EPSG</idCodeSpace><idVersion Sync="TRUE">5.3(9.0.0)</idVersion></refSysID></RefSystem></refSysInfo><spatRepInfo><VectSpatRep><geometObjs Name="bvhouses"><geoObjTyp><GeoObjTypCd value="004" Sync="TRUE"></GeoObjTypCd></geoObjTyp><geoObjCnt Sync="TRUE">0</geoObjCnt></geometObjs><topLvl><TopoLevCd value="001" Sync="TRUE"></TopoLevCd></topLvl></VectSpatRep></spatRepInfo><spdoinfo><ptvctinf><esriterm Name="bvhouses"><efeatyp Sync="TRUE">Simple</efeatyp><efeageom code="1" Sync="TRUE"></efeageom><esritopo Sync="TRUE">FALSE</esritopo><efeacnt Sync="TRUE">0</efeacnt><spindex Sync="TRUE">FALSE</spindex><linrefer Sync="TRUE">FALSE</linrefer></esriterm></ptvctinf></spdoinfo><eainfo><detailed Name="bvhouses"><enttyp><enttypl Sync="TRUE">bvhouses</enttypl><enttypt Sync="TRUE">Feature Class</enttypt><enttypc Sync="TRUE">0</enttypc></enttyp><attr><attrlabl Sync="TRUE">FID</attrlabl><attalias Sync="TRUE">FID</attalias><attrtype Sync="TRUE">OID</attrtype><attwidth Sync="TRUE">4</attwidth><atprecis Sync="TRUE">0</atprecis><attscale Sync="TRUE">0</attscale><attrdef Sync="TRUE">Internal feature number.</attrdef><attrdefs Sync="TRUE">Esri</attrdefs><attrdomv><udom Sync="TRUE">Sequential unique whole numbers that are automatically generated.</udom></attrdomv></attr><attr><attrlabl Sync="TRUE">Shape</attrlabl><attalias Sync="TRUE">Shape</attalias><attrtype Sync="TRUE">Geometry</attrtype><attwidth Sync="TRUE">0</attwidth><atprecis Sync="TRUE">0</atprecis><attscale Sync="TRUE">0</attscale><attrdef Sync="TRUE">Feature geometry.</attrdef><attrdefs Sync="TRUE">Esri</attrdefs><attrdomv><udom Sync="TRUE">Coordinates defining the features.</udom></attrdomv></attr><attr><attrlabl Sync="TRUE">DiscrpAgID</attrlabl><attalias Sync="TRUE">DiscrpAgID</attalias><attrtype Sync="TRUE">String</attrtype><attwidth Sync="TRUE">75</attwidth><atprecis Sync="TRUE">0</atprecis><attscale Sync="TRUE">0</attscale></attr><attr><attrlabl Sync="TRUE">DateUpdate</attrlabl><attalias Sync="TRUE">DateUpdate</attalias><attrtype Sync="TRUE">Date</attrtype><attwidth Sync="TRUE">8</attwidth><atprecis Sync="TRUE">0</atprecis><attscale Sync="TRUE">0</attscale></attr><attr><attrlabl Sync="TRUE">Effective</attrlabl><attalias Sync="TRUE">Effective</attalias><attrtype Sync="TRUE">Date</attrtype><attwidth Sync="TRUE">8</attwidth><atprecis Sync="TRUE">0</atprecis><attscale Sync="TRUE">0</attscale></attr><attr><attrlabl Sync="TRUE">Expire</attrlabl><attalias Sync="TRUE">Expire</attalias><attrtype Sync="TRUE">Date</attrtype><attwidth Sync="TRUE">8</attwidth><atprecis Sync="TRUE">0</atprecis><attscale Sync="TRUE">0</attscale></attr><attr><attrlabl Sync="TRUE">Site_NGUID</attrlabl><attalias Sync="TRUE">Site_NGUID</attalias><attrtype Sync="TRUE">String</attrtype><attwidth Sync="TRUE">40</attwidth><atprecis Sync="TRUE">0</atprecis><attscale Sync="TRUE">0</attscale></attr><attr><attrlabl Sync="TRUE">Country</attrlabl><attalias Sync="TRUE">Country</attalias><attrtype Sync="TRUE">String</attrtype><attwidth Sync="TRUE">2</attwidth><atprecis Sync="TRUE">0</atprecis><attscale Sync="TRUE">0</attscale></attr><attr><attrlabl Sync="TRUE">State</attrlabl><attalias Sync="TRUE">State</attalias><attrtype Sync="TRUE">String</attrtype><attwidth Sync="TRUE">2</attwidth><atprecis Sync="TRUE">0</atprecis><attscale Sync="TRUE">0</attscale></attr><attr><attrlabl Sync="TRUE">County</attrlabl><attalias Sync="TRUE">County</attalias><attrtype Sync="TRUE">String</attrtype><attwidth Sync="TRUE">20</attwidth><atprecis Sync="TRUE">0</atprecis><attscale Sync="TRUE">0</attscale></attr><attr><attrlabl Sync="TRUE">AddCode</attrlabl><attalias Sync="TRUE">AddCode</attalias><attrtype Sync="TRUE">String</attrtype><attwidth Sync="TRUE">6</attwidth><atprecis Sync="TRUE">0</atprecis><attscale Sync="TRUE">0</attscale></attr><attr><attrlabl Sync="TRUE">AddDataURI</attrlabl><attalias Sync="TRUE">AddDataURI</attalias><attrtype Sync="TRUE">String</attrtype><attwidth Sync="TRUE">40</attwidth><atprecis Sync="TRUE">0</atprecis><attscale Sync="TRUE">0</attscale></attr><attr><attrlabl Sync="TRUE">Inc_Muni</attrlabl><attalias Sync="TRUE">Inc_Muni</attalias><attrtype Sync="TRUE">String</attrtype><attwidth Sync="TRUE">25</attwidth><atprecis Sync="TRUE">0</atprecis><attscale Sync="TRUE">0</attscale></attr><attr><attrlabl Sync="TRUE">Uninc_Comm</attrlabl><attalias Sync="TRUE">Uninc_Comm</attalias><attrtype Sync="TRUE">String</attrtype><attwidth Sync="TRUE">25</attwidth><atprecis Sync="TRUE">0</atprecis><attscale Sync="TRUE">0</attscale></attr><attr><attrlabl Sync="TRUE">Nbrhd_Comm</attrlabl><attalias Sync="TRUE">Nbrhd_Comm</attalias><attrtype Sync="TRUE">String</attrtype><attwidth Sync="TRUE">30</attwidth><atprecis Sync="TRUE">0</atprecis><attscale Sync="TRUE">0</attscale></attr><attr><attrlabl Sync="TRUE">AddNum_Pre</attrlabl><attalias Sync="TRUE">AddNum_Pre</attalias><attrtype Sync="TRUE">String</attrtype><attwidth Sync="TRUE">15</attwidth><atprecis Sync="TRUE">0</atprecis><attscale Sync="TRUE">0</attscale></attr><attr><attrlabl Sync="TRUE">Add_Number</attrlabl><attalias Sync="TRUE">Add_Number</attalias><attrtype Sync="TRUE">Integer</attrtype><attwidth Sync="TRUE">10</attwidth><atprecis Sync="TRUE">10</atprecis><attscale Sync="TRUE">0</attscale></attr><attr><attrlabl Sync="TRUE">AddNum_Suf</attrlabl><attalias Sync="TRUE">AddNum_Suf</attalias><attrtype Sync="TRUE">String</attrtype><attwidth Sync="TRUE">15</attwidth><atprecis Sync="TRUE">0</atprecis><attscale Sync="TRUE">0</attscale></attr><attr><attrlabl Sync="TRUE">St_PreMod</attrlabl><attalias Sync="TRUE">St_PreMod</attalias><attrtype Sync="TRUE">String</attrtype><attwidth Sync="TRUE">15</attwidth><atprecis Sync="TRUE">0</atprecis><attscale Sync="TRUE">0</attscale></attr><attr><attrlabl Sync="TRUE">St_PreDir</attrlabl><attalias Sync="TRUE">St_PreDir</attalias><attrtype Sync="TRUE">String</attrtype><attwidth Sync="TRUE">9</attwidth><atprecis Sync="TRUE">0</atprecis><attscale Sync="TRUE">0</attscale></attr><attr><attrlabl Sync="TRUE">St_PreTyp</attrlabl><attalias Sync="TRUE">St_PreTyp</attalias><attrtype Sync="TRUE">String</attrtype><attwidth Sync="TRUE">50</attwidth><atprecis Sync="TRUE">0</atprecis><attscale Sync="TRUE">0</attscale></attr><attr><attrlabl Sync="TRUE">St_PreSep</attrlabl><attalias Sync="TRUE">St_PreSep</attalias><attrtype Sync="TRUE">String</attrtype><attwidth Sync="TRUE">20</attwidth><atprecis Sync="TRUE">0</atprecis><attscale Sync="TRUE">0</attscale></attr><attr><attrlabl Sync="TRUE">St_Name</attrlabl><attalias Sync="TRUE">St_Name</attalias><attrtype Sync="TRUE">String</attrtype><attwidth Sync="TRUE">60</attwidth><atprecis Sync="TRUE">0</atprecis><attscale Sync="TRUE">0</attscale></attr><attr><attrlabl Sync="TRUE">St_PosTyp</attrlabl><attalias Sync="TRUE">St_PosTyp</attalias><attrtype Sync="TRUE">String</attrtype><attwidth Sync="TRUE">50</attwidth><atprecis Sync="TRUE">0</atprecis><attscale Sync="TRUE">0</attscale></attr><attr><attrlabl Sync="TRUE">St_PosDir</attrlabl><attalias Sync="TRUE">St_PosDir</attalias><attrtype Sync="TRUE">String</attrtype><attwidth Sync="TRUE">9</attwidth><atprecis Sync="TRUE">0</atprecis><attscale Sync="TRUE">0</attscale></attr><attr><attrlabl Sync="TRUE">St_PosMod</attrlabl><attalias Sync="TRUE">St_PosMod</attalias><attrtype Sync="TRUE">String</attrtype><attwidth Sync="TRUE">25</attwidth><atprecis Sync="TRUE">0</atprecis><attscale Sync="TRUE">0</attscale></attr><attr><attrlabl Sync="TRUE">LSt_PreDir</attrlabl><attalias Sync="TRUE">LSt_PreDir</attalias><attrtype Sync="TRUE">String</attrtype><attwidth Sync="TRUE">2</attwidth><atprecis Sync="TRUE">0</atprecis><attscale Sync="TRUE">0</attscale></attr><attr><attrlabl Sync="TRUE">LSt_Name</attrlabl><attalias Sync="TRUE">LSt_Name</attalias><attrtype Sync="TRUE">String</attrtype><attwidth Sync="TRUE">75</attwidth><atprecis Sync="TRUE">0</atprecis><attscale Sync="TRUE">0</attscale></attr><attr><attrlabl Sync="TRUE">LSt_Type</attrlabl><attalias Sync="TRUE">LSt_Type</attalias><attrtype Sync="TRUE">String</attrtype><attwidth Sync="TRUE">4</attwidth><atprecis Sync="TRUE">0</atprecis><attscale Sync="TRUE">0</attscale></attr><attr><attrlabl Sync="TRUE">LSt_PosDir</attrlabl><attalias Sync="TRUE">LSt_PosDir</attalias><attrtype Sync="TRUE">String</attrtype><attwidth Sync="TRUE">2</attwidth><atprecis Sync="TRUE">0</atprecis><attscale Sync="TRUE">0</attscale></attr><attr><attrlabl Sync="TRUE">ESN</attrlabl><attalias Sync="TRUE">ESN</attalias><attrtype Sync="TRUE">String</attrtype><attwidth Sync="TRUE">5</attwidth><atprecis Sync="TRUE">0</atprecis><attscale Sync="TRUE">0</attscale></attr><attr><attrlabl Sync="TRUE">MSAGComm</attrlabl><attalias Sync="TRUE">MSAGComm</attalias><attrtype Sync="TRUE">String</attrtype><attwidth Sync="TRUE">30</attwidth><atprecis Sync="TRUE">0</atprecis><attscale Sync="TRUE">0</attscale></attr><attr><attrlabl Sync="TRUE">Post_Comm</attrlabl><attalias Sync="TRUE">Post_Comm</attalias><attrtype Sync="TRUE">String</attrtype><attwidth Sync="TRUE">40</attwidth><atprecis Sync="TRUE">0</atprecis><attscale Sync="TRUE">0</attscale></attr><attr><attrlabl Sync="TRUE">Post_Code</attrlabl><attalias Sync="TRUE">Post_Code</attalias><attrtype Sync="TRUE">String</attrtype><attwidth Sync="TRUE">7</attwidth><atprecis Sync="TRUE">0</atprecis><attscale Sync="TRUE">0</attscale></attr><attr><attrlabl Sync="TRUE">Post_Code4</attrlabl><attalias Sync="TRUE">Post_Code4</attalias><attrtype Sync="TRUE">String</attrtype><attwidth Sync="TRUE">4</attwidth><atprecis Sync="TRUE">0</atprecis><attscale Sync="TRUE">0</attscale></attr><attr><attrlabl Sync="TRUE">Building</attrlabl><attalias Sync="TRUE">Building</attalias><attrtype Sync="TRUE">String</attrtype><attwidth Sync="TRUE">75</attwidth><atprecis Sync="TRUE">0</atprecis><attscale Sync="TRUE">0</attscale></attr><attr><attrlabl Sync="TRUE">Floor</attrlabl><attalias Sync="TRUE">Floor</attalias><attrtype Sync="TRUE">String</attrtype><attwidth Sync="TRUE">75</attwidth><atprecis Sync="TRUE">0</atprecis><attscale Sync="TRUE">0</attscale></attr><attr><attrlabl Sync="TRUE">Unit</attrlabl><attalias Sync="TRUE">Unit</attalias><attrtype Sync="TRUE">String</attrtype><attwidth Sync="TRUE">75</attwidth><atprecis Sync="TRUE">0</atprecis><attscale Sync="TRUE">0</attscale></attr><attr><attrlabl Sync="TRUE">Long_</attrlabl><attalias Sync="TRUE">Long_</attalias><attrtype Sync="TRUE">Double</attrtype><attwidth Sync="TRUE">19</attwidth><atprecis Sync="TRUE">0</atprecis><attscale Sync="TRUE">0</attscale></attr><attr><attrlabl Sync="TRUE">Lat</attrlabl><attalias Sync="TRUE">Lat</attalias><attrtype Sync="TRUE">Double</attrtype><attwidth Sync="TRUE">19</attwidth><atprecis Sync="TRUE">0</atprecis><attscale Sync="TRUE">0</attscale></attr><attr><attrlabl Sync="TRUE">ADDRESSSTR</attrlabl><attalias Sync="TRUE">ADDRESSSTR</attalias><attrtype Sync="TRUE">String</attrtype><attwidth Sync="TRUE">60</attwidth><atprecis Sync="TRUE">0</atprecis><attscale Sync="TRUE">0</attscale></attr><attr><attrlabl Sync="TRUE">STREET</attrlabl><attalias Sync="TRUE">STREET</attalias><attrtype Sync="TRUE">String</attrtype><attwidth Sync="TRUE">50</attwidth><atprecis Sync="TRUE">0</atprecis><attscale Sync="TRUE">0</attscale></attr><attr><attrlabl Sync="TRUE">ADDLOC</attrlabl><attalias Sync="TRUE">ADDLOC</attalias><attrtype Sync="TRUE">String</attrtype><attwidth Sync="TRUE">60</attwidth><atprecis Sync="TRUE">0</atprecis><attscale Sync="TRUE">0</attscale></attr><attr><attrlabl Sync="TRUE">CUSTNAME</attrlabl><attalias Sync="TRUE">CUSTNAME</attalias><attrtype Sync="TRUE">String</attrtype><attwidth Sync="TRUE">40</attwidth><atprecis Sync="TRUE">0</atprecis><attscale Sync="TRUE">0</attscale></attr><attr><attrlabl Sync="TRUE">LASTUPDATE</attrlabl><attalias Sync="TRUE">LASTUPDATE</attalias><attrtype Sync="TRUE">String</attrtype><attwidth Sync="TRUE">8</attwidth><atprecis Sync="TRUE">0</atprecis><attscale Sync="TRUE">0</attscale></attr><attr><attrlabl Sync="TRUE">JOINID</attrlabl><attalias Sync="TRUE">JOINID</attalias><attrtype Sync="TRUE">Integer</attrtype><attwidth Sync="TRUE">10</attwidth><atprecis Sync="TRUE">10</atprecis><attscale Sync="TRUE">0</attscale></attr><attr><attrlabl Sync="TRUE">AcctNum</attrlabl><attalias Sync="TRUE">AcctNum</attalias><attrtype Sync="TRUE">String</attrtype><attwidth Sync="TRUE">16</attwidth><atprecis Sync="TRUE">0</atprecis><attscale Sync="TRUE">0</attscale></attr><attr><attrlabl Sync="TRUE">ID</attrlabl><attalias Sync="TRUE">ID</attalias><attrtype Sync="TRUE">Integer</attrtype><attwidth Sync="TRUE">10</attwidth><atprecis Sync="TRUE">10</atprecis><attscale Sync="TRUE">0</attscale></attr><attr><attrlabl Sync="TRUE">MAPNUM</attrlabl><attalias Sync="TRUE">MAPNUM</attalias><attrtype Sync="TRUE">String</attrtype><attwidth Sync="TRUE">32</attwidth><atprecis Sync="TRUE">0</atprecis><attscale Sync="TRUE">0</attscale></attr><attr><attrlabl Sync="TRUE">AcctNum_1</attrlabl><attalias Sync="TRUE">AcctNum_1</attalias><attrtype Sync="TRUE">String</attrtype><attwidth Sync="TRUE">10</attwidth><atprecis Sync="TRUE">0</atprecis><attscale Sync="TRUE">0</attscale></attr><attr><attrlabl Sync="TRUE">OWNER1</attrlabl><attalias Sync="TRUE">OWNER1</attalias><attrtype Sync="TRUE">String</attrtype><attwidth Sync="TRUE">64</attwidth><atprecis Sync="TRUE">0</atprecis><attscale Sync="TRUE">0</attscale></attr><attr><attrlabl Sync="TRUE">OWNER2</attrlabl><attalias Sync="TRUE">OWNER2</attalias><attrtype Sync="TRUE">String</attrtype><attwidth Sync="TRUE">64</attwidth><atprecis Sync="TRUE">0</atprecis><attscale Sync="TRUE">0</attscale></attr><attr><attrlabl Sync="TRUE">OWNERADDRE</attrlabl><attalias Sync="TRUE">OWNERADDRE</attalias><attrtype Sync="TRUE">String</attrtype><attwidth Sync="TRUE">64</attwidth><atprecis Sync="TRUE">0</atprecis><attscale Sync="TRUE">0</attscale></attr><attr><attrlabl Sync="TRUE">OWNERADD_1</attrlabl><attalias Sync="TRUE">OWNERADD_1</attalias><attrtype Sync="TRUE">String</attrtype><attwidth Sync="TRUE">64</attwidth><atprecis Sync="TRUE">0</atprecis><attscale Sync="TRUE">0</attscale></attr><attr><attrlabl Sync="TRUE">CITY</attrlabl><attalias Sync="TRUE">CITY</attalias><attrtype Sync="TRUE">String</attrtype><attwidth Sync="TRUE">32</attwidth><atprecis Sync="TRUE">0</atprecis><attscale Sync="TRUE">0</attscale></attr><attr><attrlabl Sync="TRUE">STATE_1</attrlabl><attalias Sync="TRUE">STATE_1</attalias><attrtype Sync="TRUE">String</attrtype><attwidth Sync="TRUE">2</attwidth><atprecis Sync="TRUE">0</atprecis><attscale Sync="TRUE">0</attscale></attr><attr><attrlabl Sync="TRUE">ZIP</attrlabl><attalias Sync="TRUE">ZIP</attalias><attrtype Sync="TRUE">String</attrtype><attwidth Sync="TRUE">10</attwidth><atprecis Sync="TRUE">0</atprecis><attscale Sync="TRUE">0</attscale></attr><attr><attrlabl Sync="TRUE">ZIP_4</attrlabl><attalias Sync="TRUE">ZIP_4</attalias><attrtype Sync="TRUE">String</attrtype><attwidth Sync="TRUE">4</attwidth><atprecis Sync="TRUE">0</atprecis><attscale Sync="TRUE">0</attscale></attr><attr><attrlabl Sync="TRUE">ACRES</attrlabl><attalias Sync="TRUE">ACRES</attalias><attrtype Sync="TRUE">String</attrtype><attwidth Sync="TRUE">16</attwidth><atprecis Sync="TRUE">0</atprecis><attscale Sync="TRUE">0</attscale></attr><attr><attrlabl Sync="TRUE">CLASS</attrlabl><attalias Sync="TRUE">CLASS</attalias><attrtype Sync="TRUE">Integer</attrtype><attwidth Sync="TRUE">5</attwidth><atprecis Sync="TRUE">5</atprecis><attscale Sync="TRUE">0</attscale></attr><attr><attrlabl Sync="TRUE">IMPVALUE</attrlabl><attalias Sync="TRUE">IMPVALUE</attalias><attrtype Sync="TRUE">Integer</attrtype><attwidth Sync="TRUE">10</attwidth><atprecis Sync="TRUE">10</atprecis><attscale Sync="TRUE">0</attscale></attr><attr><attrlabl Sync="TRUE">LANDVALUE</attrlabl><attalias Sync="TRUE">LANDVALUE</attalias><attrtype Sync="TRUE">Integer</attrtype><attwidth Sync="TRUE">10</attwidth><atprecis Sync="TRUE">10</atprecis><attscale Sync="TRUE">0</attscale></attr><attr><attrlabl Sync="TRUE">TotalPropV</attrlabl><attalias Sync="TRUE">TotalPropV</attalias><attrtype Sync="TRUE">Integer</attrtype><attwidth Sync="TRUE">10</attwidth><atprecis Sync="TRUE">10</atprecis><attscale Sync="TRUE">0</attscale></attr><attr><attrlabl Sync="TRUE">totalTax</attrlabl><attalias Sync="TRUE">totalTax</attalias><attrtype Sync="TRUE">Double</attrtype><attwidth Sync="TRUE">19</attwidth><atprecis Sync="TRUE">0</atprecis><attscale Sync="TRUE">0</attscale></attr><attr><attrlabl Sync="TRUE">ADDRESS</attrlabl><attalias Sync="TRUE">ADDRESS</attalias><attrtype Sync="TRUE">Integer</attrtype><attwidth Sync="TRUE">10</attwidth><atprecis Sync="TRUE">10</atprecis><attscale Sync="TRUE">0</attscale></attr><attr><attrlabl Sync="TRUE">DIRECTION</attrlabl><attalias Sync="TRUE">DIRECTION</attalias><attrtype Sync="TRUE">String</attrtype><attwidth Sync="TRUE">2</attwidth><atprecis Sync="TRUE">0</atprecis><attscale Sync="TRUE">0</attscale></attr><attr><attrlabl Sync="TRUE">STREET_1</attrlabl><attalias Sync="TRUE">STREET_1</attalias><attrtype Sync="TRUE">String</attrtype><attwidth Sync="TRUE">32</attwidth><atprecis Sync="TRUE">0</atprecis><attscale Sync="TRUE">0</attscale></attr><attr><attrlabl Sync="TRUE">DeedBook</attrlabl><attalias Sync="TRUE">DeedBook</attalias><attrtype Sync="TRUE">String</attrtype><attwidth Sync="TRUE">32</attwidth><atprecis Sync="TRUE">0</atprecis><attscale Sync="TRUE">0</attscale></attr><attr><attrlabl Sync="TRUE">WillBook</attrlabl><attalias Sync="TRUE">WillBook</attalias><attrtype Sync="TRUE">String</attrtype><attwidth Sync="TRUE">32</attwidth><atprecis Sync="TRUE">0</atprecis><attscale Sync="TRUE">0</attscale></attr><attr><attrlabl Sync="TRUE">LEGAL1</attrlabl><attalias Sync="TRUE">LEGAL1</attalias><attrtype Sync="TRUE">String</attrtype><attwidth Sync="TRUE">32</attwidth><atprecis Sync="TRUE">0</atprecis><attscale Sync="TRUE">0</attscale></attr><attr><attrlabl Sync="TRUE">LEGAL3</attrlabl><attalias Sync="TRUE">LEGAL3</attalias><attrtype Sync="TRUE">String</attrtype><attwidth Sync="TRUE">32</attwidth><atprecis Sync="TRUE">0</atprecis><attscale Sync="TRUE">0</attscale></attr><attr><attrlabl Sync="TRUE">LEGAL1_1</attrlabl><attalias Sync="TRUE">LEGAL1_1</attalias><attrtype Sync="TRUE">String</attrtype><attwidth Sync="TRUE">254</attwidth><atprecis Sync="TRUE">0</atprecis><attscale Sync="TRUE">0</attscale></attr><attr><attrlabl Sync="TRUE">LEGAL3_1</attrlabl><attalias Sync="TRUE">LEGAL3_1</attalias><attrtype Sync="TRUE">String</attrtype><attwidth Sync="TRUE">254</attwidth><atprecis Sync="TRUE">0</atprecis><attscale Sync="TRUE">0</attscale></attr><attr><attrlabl Sync="TRUE">YEARBUILT</attrlabl><attalias Sync="TRUE">YEARBUILT</attalias><attrtype Sync="TRUE">Double</attrtype><attwidth Sync="TRUE">19</attwidth><atprecis Sync="TRUE">0</atprecis><attscale Sync="TRUE">0</attscale></attr><attr><attrlabl Sync="TRUE">SQFT</attrlabl><attalias Sync="TRUE">SQFT</attalias><attrtype Sync="TRUE">Double</attrtype><attwidth Sync="TRUE">19</attwidth><atprecis Sync="TRUE">0</atprecis><attscale Sync="TRUE">0</attscale></attr><attr><attrlabl Sync="TRUE">Column13</attrlabl><attalias Sync="TRUE">Column13</attalias><attrtype Sync="TRUE">String</attrtype><attwidth Sync="TRUE">254</attwidth><atprecis Sync="TRUE">0</atprecis><attscale Sync="TRUE">0</attscale></attr><attr><attrlabl Sync="TRUE">Column14</attrlabl><attalias Sync="TRUE">Column14</attalias><attrtype Sync="TRUE">Double</attrtype><attwidth Sync="TRUE">19</attwidth><atprecis Sync="TRUE">0</atprecis><attscale Sync="TRUE">0</attscale></attr><attr><attrlabl Sync="TRUE">Column15</attrlabl><attalias Sync="TRUE">Column15</attalias><attrtype Sync="TRUE">String</attrtype><attwidth Sync="TRUE">254</attwidth><atprecis Sync="TRUE">0</atprecis><attscale Sync="TRUE">0</attscale></attr><attr><attrlabl Sync="TRUE">Column16</attrlabl><attalias Sync="TRUE">Column16</attalias><attrtype Sync="TRUE">String</attrtype><attwidth Sync="TRUE">254</attwidth><atprecis Sync="TRUE">0</atprecis><attscale Sync="TRUE">0</attscale></attr><attr><attrlabl Sync="TRUE">Column17</attrlabl><attalias Sync="TRUE">Column17</attalias><attrtype Sync="TRUE">Double</attrtype><attwidth Sync="TRUE">19</attwidth><atprecis Sync="TRUE">0</atprecis><attscale Sync="TRUE">0</attscale></attr><attr><attrlabl Sync="TRUE">Column18</attrlabl><attalias Sync="TRUE">Column18</attalias><attrtype Sync="TRUE">String</attrtype><attwidth Sync="TRUE">254</attwidth><atprecis Sync="TRUE">0</atprecis><attscale Sync="TRUE">0</attscale></attr><attr><attrlabl Sync="TRUE">Column19</attrlabl><attalias Sync="TRUE">Column19</attalias><attrtype Sync="TRUE">String</attrtype><attwidth Sync="TRUE">254</attwidth><atprecis Sync="TRUE">0</atprecis><attscale Sync="TRUE">0</attscale></attr><attr><attrlabl Sync="TRUE">Column23</attrlabl><attalias Sync="TRUE">Column23</attalias><attrtype Sync="TRUE">Double</attrtype><attwidth Sync="TRUE">19</attwidth><atprecis Sync="TRUE">0</atprecis><attscale Sync="TRUE">0</attscale></attr><attr><attrlabl Sync="TRUE">Column24</attrlabl><attalias Sync="TRUE">Column24</attalias><attrtype Sync="TRUE">Double</attrtype><attwidth Sync="TRUE">19</attwidth><atprecis Sync="TRUE">0</atprecis><attscale Sync="TRUE">0</attscale></attr><attr><attrlabl Sync="TRUE">Column25</attrlabl><attalias Sync="TRUE">Column25</attalias><attrtype Sync="TRUE">String</attrtype><attwidth Sync="TRUE">254</attwidth><atprecis Sync="TRUE">0</atprecis><attscale Sync="TRUE">0</attscale></attr><attr><attrlabl Sync="TRUE">Column29</attrlabl><attalias Sync="TRUE">Column29</attalias><attrtype Sync="TRUE">String</attrtype><attwidth Sync="TRUE">254</attwidth><atprecis Sync="TRUE">0</atprecis><attscale Sync="TRUE">0</attscale></attr><attr><attrlabl Sync="TRUE">LASTSALE</attrlabl><attalias Sync="TRUE">LASTSALE</attalias><attrtype Sync="TRUE">Double</attrtype><attwidth Sync="TRUE">19</attwidth><atprecis Sync="TRUE">0</atprecis><attscale Sync="TRUE">0</attscale></attr></detailed></eainfo><mdDateSt Sync="TRUE">20230310</mdDateSt></metadata>
